ABC de Ventas     Del 01/08/2025 al 31/08/2025	ABC de Ventas     Del 01/08/2025 al 31/08/2025	ABC de Ventas     Del 01/08/2025 al 31/08/2025	ABC de Ventas     Del 01/08/2025 al 31/08/2025	ABC de Ventas     Del 01/08/2025 al 31/08/2025	ABC de Ventas     Del 01/08/2025 al 31/08/2025	ABC de Ventas     Del 01/08/2025 al 31/08/2025	ABC de Ventas     Del 01/08/2025 al 31/08/2025	ABC de Ventas     Del 01/08/2025 al 31/08/2025	ABC de Ventas     Del 01/08/2025 al 31/08/2025
Código	Descripción	Unidades	Importe Total	Importe Total  I.I.	% Venta	% Acumu.	Fecha Ult.Vta.	Beneficio B.I.	% Ben.
	Sin Familias								
ç		"87,00"	"-466,53"	"-513,18"	"100,00"	"100,00"	31/08/2025	"-466,53"	"100,00"
001758	Boniato Acomp	"222,00"	"0,00"	"0,00"	"0,00"	"100,00"	31/08/2025	"0,00"	"0,00"
	REFRESCOS								
000001	COCACOLA	"714,00"	"1.089,55"	"1.198,50"	"9,93"	"9,93"	31/08/2025	"1.089,55"	"100,00"
000002	FANTA NARANJA	"177,00"	"305,50"	"336,05"	"2,78"	"12,71"	31/08/2025	"305,50"	"100,00"
000003	COLA ZERO	"702,00"	"1.296,77"	"1.426,45"	"11,81"	"24,52"	31/08/2025	"1.296,77"	"100,00"
000005	LIMONADA	"3,00"	"0,00"	"0,00"	"0,00"	"24,52"	09/08/2025	"0,00"	"0,00"
000010	RED BULL	"28,00"	"32,73"	"36,00"	"0,30"	"24,82"	31/08/2025	"32,73"	"100,00"
000011	NESTEA LIMÓN	"160,00"	"327,27"	"360,00"	"2,98"	"27,80"	31/08/2025	"-11.032,73"	"-3.371,11"
000013	NESTEA  MARACUYÁ	"119,00"	"254,23"	"279,65"	"2,32"	"30,12"	31/08/2025	"254,23"	"100,00"
000014	SPRITE	"3,00"	"0,00"	"0,00"	"0,00"	"30,12"	31/08/2025	"0,00"	"0,00"
000015	FANTA LIMÓN	"173,00"	"217,82"	"239,60"	"1,98"	"32,10"	30/08/2025	"217,82"	"100,00"
000016	TÓNICA SCHWEPPES	"614,00"	"301,23"	"331,35"	"2,74"	"34,85"	31/08/2025	"301,23"	"100,00"
000018	CASERA	"7,00"	"14,95"	"16,45"	"0,14"	"34,98"	25/08/2025	"14,95"	"100,00"
000020	AQUARIUS LIMÓN	"1.245,00"	"286,27"	"314,90"	"2,61"	"37,59"	31/08/2025	"286,27"	"100,00"
000022	BITTER ROSSO	"7,00"	"14,95"	"16,45"	"0,14"	"37,73"	30/08/2025	"14,95"	"100,00"
000024	AQUARIUS NARANJA	"103,00"	"220,05"	"242,05"	"2,00"	"39,73"	31/08/2025	"220,05"	"100,00"
000025	AGUA MEDIANA	"1,00"	"0,00"	"0,00"	"0,00"	"39,73"	13/08/2025	"0,00"	"0,00"
000546	ZUMO DE Manzana (minute maid)	"1,00"	"2,05"	"2,25"	"0,02"	"39,75"	25/08/2025	"2,05"	"100,00"
000547	ZUMO DE PIÑA	"44,00"	"91,86"	"101,05"	"0,84"	"40,59"	29/08/2025	"91,86"	"100,00"
000548	ZUMO DE MELOCOTÓN	"28,00"	"59,82"	"65,80"	"0,54"	"41,13"	30/08/2025	"59,82"	"100,00"
000549	ZUMO DE TOMATE	"16,00"	"34,18"	"37,60"	"0,31"	"41,44"	24/08/2025	"34,18"	"100,00"
000560	TONICA FEVER	"29,00"	"17,18"	"18,90"	"0,16"	"41,60"	29/08/2025	"17,18"	"100,00"
000567	BATIDO DE CHOCOLATE	"70,00"	"143,18"	"157,50"	"1,30"	"42,90"	31/08/2025	"143,18"	"100,00"
000583	GINGER ALE	"26,00"	"36,32"	"39,95"	"0,33"	"43,24"	30/08/2025	"36,32"	"100,00"
000584	SODA	"3,00"	"0,00"	"0,00"	"0,00"	"43,24"	18/08/2025	"0,00"	"0,00"
000668	TONICA NORDIC BLUE	"1,00"	"0,00"	"0,00"	"0,00"	"43,24"	08/08/2025	"0,00"	"0,00"
000753	AGUA PARA LLEVAR 0.50 L	"732,00"	"1.414,00"	"1.555,40"	"12,88"	"56,12"	31/08/2025	"1.414,00"	"100,00"
001312	COLA ZERO ZERO	"121,00"	"217,91"	"239,70"	"1,99"	"58,10"	31/08/2025	"217,91"	"100,00"
001420	SEVEN UP	"138,00"	"170,91"	"188,00"	"1,56"	"59,66"	31/08/2025	"170,91"	"100,00"
001442	AGUA PERRIER	"4,00"	"0,00"	"0,00"	"0,00"	"59,66"	23/08/2025	"0,00"	"0,00"
001610	Tonica zero	"20,00"	"0,00"	"0,00"	"0,00"	"59,66"	31/08/2025	"0,00"	"0,00"
001791	Bot. Agua Solan Con Gas 33cl	"776,00"	"1.763,64"	"1.940,00"	"16,07"	"75,73"	31/08/2025	"1.763,64"	"100,00"
001792	Bot. Agua Solan 50cl	"1.291,00"	"2.580,00"	"2.838,00"	"23,50"	"99,23"	31/08/2025	"2.580,00"	"100,00"
001837	TÓNICA ZERO SW	"17,00"	"36,32"	"39,95"	"0,33"	"99,56"	30/08/2025	"36,32"	"100,00"
001838	TÓNICA BERRY SW	"16,00"	"34,18"	"37,60"	"0,31"	"99,87"	30/08/2025	"34,18"	"100,00"
001894	Bot. Agua Solan TIEMPO	"7,00"	"14,00"	"15,40"	"0,13"	"100,00"	25/08/2025	"14,00"	"100,00"
	TARTAS Y POSTRES								
000719	GOFRE DE AZUCAR	"25,00"	"95,45"	"105,00"	"6,75"	"6,75"	30/08/2025	"95,45"	"100,00"
000743	TARTA DE ZANAHORIA	"25,00"	"157,95"	"173,75"	"11,18"	"17,93"	30/08/2025	"157,95"	"100,00"
000873	TARTA DE CHOCOLATE	"16,00"	"101,09"	"111,20"	"7,15"	"25,09"	30/08/2025	"101,09"	"100,00"
000896	TARTA DE QUESO	"29,00"	"183,23"	"201,55"	"12,97"	"38,05"	27/08/2025	"183,23"	"100,00"
001260	sirope fresa	"1,00"	"0,00"	"0,00"	"0,00"	"38,05"	15/08/2025	"0,00"	"0,00"
001261	sirope caramelo	"3,00"	"0,00"	"0,00"	"0,00"	"38,05"	22/08/2025	"0,00"	"0,00"
001262	sirope chocolate	"9,00"	"0,00"	"0,00"	"0,00"	"38,05"	31/08/2025	"0,00"	"0,00"
001263	nutella	"50,00"	"0,00"	"0,00"	"0,00"	"38,05"	31/08/2025	"0,00"	"0,00"
001331	CREPES	"51,00"	"194,73"	"214,20"	"13,78"	"51,83"	31/08/2025	"194,73"	"100,00"
001354	TARTA DE SNIKER	"14,00"	"88,45"	"97,30"	"6,26"	"58,09"	31/08/2025	"88,45"	"100,00"
001371	BROWNIE CLASICO	"60,00"	"379,09"	"417,00"	"26,83"	"84,92"	31/08/2025	"379,09"	"100,00"
001430	BROWNIE LOTUS	"27,00"	"170,59"	"187,65"	"12,07"	"96,99"	31/08/2025	"170,59"	"100,00"
001473	ALMENDRA CROCANTI	"16,00"	"8,73"	"9,60"	"0,62"	"97,61"	31/08/2025	"8,73"	"100,00"
001625	dulce de leche	"1,00"	"0,00"	"0,00"	"0,00"	"97,61"	03/08/2025	"0,00"	"0,00"
001627	nata	"15,00"	"0,00"	"0,00"	"0,00"	"97,61"	31/08/2025	"0,00"	"0,00"
001631	NUECES	"20,00"	"10,91"	"12,00"	"0,77"	"98,38"	31/08/2025	"10,91"	"100,00"
001633	platano	"9,00"	"4,91"	"5,40"	"0,35"	"98,73"	31/08/2025	"4,91"	"100,00"
001634	fresa	"28,00"	"15,27"	"16,80"	"1,08"	"99,81"	30/08/2025	"15,27"	"100,00"
001635	VAINILLA VERACRUZ	"3,00"	"2,73"	"3,00"	"0,19"	"100,00"	25/08/2025	"2,73"	"100,00"
	COMIDAS Y SNACKS								
000092	ENSALADA CESAR	"137,00"	"1.737,41"	"1.911,15"	"4,05"	"4,05"	31/08/2025	"1.737,41"	"100,00"
000093	ENSALADA CABRA	"128,00"	"1.623,27"	"1.785,60"	"3,78"	"7,83"	31/08/2025	"1.623,27"	"100,00"
000095	ENSALADA TEMPLADA	"63,00"	"856,23"	"941,85"	"1,99"	"9,82"	31/08/2025	"856,23"	"100,00"
000097	Ingrediente Extra	"3,00"	"2,73"	"3,00"	"0,01"	"9,83"	10/08/2025	"2,73"	"100,00"
000100	SANDWICH CLUB	"217,00"	"2.554,68"	"2.810,15"	"5,95"	"15,78"	31/08/2025	"2.554,68"	"100,00"
000103	POLLO TIKA MASSALA	"91,00"	"1.034,09"	"1.137,50"	"2,41"	"18,18"	31/08/2025	"1.034,09"	"100,00"
000106	MINI-TORTILLA	"115,00"	"726,59"	"799,25"	"1,69"	"19,88"	31/08/2025	"726,59"	"100,00"
000108	MENU INFANTIL	"151,00"	"1.166,82"	"1.283,50"	"2,72"	"22,59"	31/08/2025	"1.166,82"	"100,00"
000109	BURGUER LA CHANCLA	"259,00"	"3.284,59"	"3.613,05"	"7,65"	"30,24"	31/08/2025	"3.284,59"	"100,00"
000111	PETIT FOIE	"57,00"	"463,77"	"510,15"	"1,08"	"31,32"	31/08/2025	"463,77"	"100,00"
000114	SANDWICH VEGANO	"22,00"	"179,00"	"196,90"	"0,42"	"31,74"	29/08/2025	"179,00"	"100,00"
000121	"HUEVOS, PATATAS, SETAS TRUFA"	"67,00"	"849,68"	"934,65"	"1,98"	"33,72"	31/08/2025	"849,68"	"100,00"
000656	BRAVAS	"203,00"	"1.836,23"	"2.019,85"	"4,28"	"37,99"	31/08/2025	"1.836,23"	"100,00"
000727	WOK  POLLO	"156,00"	"1.978,36"	"2.176,20"	"4,61"	"42,60"	31/08/2025	"1.978,36"	"100,00"
000769	TATAKI DE ATÚN	"70,00"	"1.204,09"	"1.324,50"	"2,80"	"45,40"	31/08/2025	"1.204,09"	"100,00"
000771	MINI-BURGUER CASERA TERNERA	"162,00"	"1.023,55"	"1.125,90"	"2,38"	"47,79"	31/08/2025	"1.023,55"	"100,00"
000772	CROQUETAS	"133,00"	"1.565,77"	"1.722,35"	"3,65"	"51,43"	31/08/2025	"1.565,77"	"100,00"
000876	ENSALADILLA RUSA	"117,00"	"1.377,41"	"1.515,15"	"3,21"	"54,64"	31/08/2025	"1.377,41"	"100,00"
001200	TARTAR DE ATUN ROJO	"68,00"	"1.047,82"	"1.152,60"	"2,44"	"57,08"	31/08/2025	"1.047,82"	"100,00"
001214	PAN	"107,00"	"68,09"	"74,90"	"0,16"	"57,24"	31/08/2025	"68,09"	"100,00"
001242	PIMIENTOS DEL PADRON	"93,00"	"587,59"	"646,35"	"1,37"	"58,61"	30/08/2025	"587,59"	"100,00"
001243	SOPA FRIA	"43,00"	"328,05"	"360,85"	"0,76"	"59,37"	31/08/2025	"328,05"	"100,00"
001257	salsa casera	"146,00"	"66,36"	"73,00"	"0,15"	"59,53"	31/08/2025	"66,36"	"100,00"
001259	arroz extra	"10,00"	"27,27"	"30,00"	"0,06"	"59,59"	30/08/2025	"27,27"	"100,00"
001264	ensalada extra	"6,00"	"10,91"	"12,00"	"0,03"	"59,61"	25/08/2025	"10,91"	"100,00"
001343	patatas extra	"72,00"	"196,36"	"216,00"	"0,46"	"60,07"	31/08/2025	"196,36"	"100,00"
001386	ENSALADA REFRESCANTE	"120,00"	"1.521,82"	"1.674,00"	"3,54"	"63,62"	30/08/2025	"1.521,82"	"100,00"
001389	WOK SALMON	"88,00"	"1.196,00"	"1.315,60"	"2,79"	"66,40"	31/08/2025	"1.196,00"	"100,00"
001506	MAYONESA	"87,00"	"15,82"	"17,40"	"0,04"	"66,44"	31/08/2025	"15,82"	"100,00"
001511	KETCHUP	"10,00"	"3,64"	"4,00"	"0,01"	"66,45"	28/08/2025	"3,64"	"100,00"
001601	nachos	"57,00"	"0,00"	"0,00"	"0,00"	"66,45"	30/08/2025	"0,00"	"0,00"
001613	patatas baston	"508,00"	"0,00"	"0,00"	"0,00"	"66,45"	31/08/2025	"0,00"	"0,00"
001617	WOK VEGANO	"33,00"	"315,00"	"346,50"	"0,73"	"67,18"	31/08/2025	"315,00"	"100,00"
001649	NUTELLA	"65,00"	"58,18"	"64,00"	"0,14"	"67,31"	31/08/2025	"58,18"	"100,00"
001660	NACHOS GOURMET	"209,00"	"2.375,00"	"2.612,50"	"5,53"	"72,85"	31/08/2025	"2.375,00"	"100,00"
001711	CRISPY CHICKEN	"147,00"	"1.329,68"	"1.462,65"	"3,10"	"75,94"	31/08/2025	"1.329,68"	"100,00"
001768	COSTILLA DE CERDO	"77,00"	"1.111,05"	"1.222,15"	"2,59"	"78,53"	31/08/2025	"1.111,05"	"100,00"
001798	REBANÁ	"67,00"	"606,05"	"666,65"	"1,41"	"79,94"	31/08/2025	"606,05"	"100,00"
001799	POLLO CAJÚN	"206,00"	"1.863,36"	"2.049,70"	"4,34"	"84,28"	31/08/2025	"1.863,36"	"100,00"
001800	BASTONES DE BONIATO	"192,00"	"1.387,64"	"1.526,40"	"3,23"	"87,51"	31/08/2025	"1.387,64"	"100,00"
001802	CUBIERTA DE CHEDAR	"31,00"	"42,27"	"46,50"	"0,10"	"87,61"	30/08/2025	"42,27"	"100,00"
001803	HUEVO FRITO BURGUER	"55,00"	"75,00"	"82,50"	"0,17"	"87,78"	30/08/2025	"75,00"	"100,00"
001804	LOMO ALTO	"64,00"	"1.218,91"	"1.340,80"	"2,84"	"90,62"	30/08/2025	"1.218,91"	"100,00"
001805	PESCADO PLANCHA	"115,00"	"1.667,50"	"1.834,25"	"3,88"	"94,51"	31/08/2025	"1.667,50"	"100,00"
001813	SUG_2 10.95	"5,00"	"49,77"	"54,75"	"0,12"	"94,62"	31/08/2025	"49,77"	"100,00"
001815	SUG_4 12.95	"2,00"	"23,55"	"25,90"	"0,05"	"94,68"	01/08/2025	"23,55"	"100,00"
001816	SUG_5 13.95	"57,00"	"722,86"	"795,15"	"1,68"	"96,36"	31/08/2025	"722,86"	"100,00"
001817	SUG_6 14.95	"64,00"	"860,05"	"946,05"	"2,00"	"98,36"	28/08/2025	"860,05"	"100,00"
001818	SUG_7 15.95	"10,00"	"145,00"	"159,50"	"0,34"	"98,70"	06/08/2025	"145,00"	"100,00"
001822	Mayonesa Acomp.	"302,00"	"0,00"	"0,00"	"0,00"	"98,70"	31/08/2025	"0,00"	"0,00"
001823	Ketchup Acomp.	"265,00"	"0,00"	"0,00"	"0,00"	"98,70"	31/08/2025	"0,00"	"0,00"
001824	Guacamole Acomp	"166,00"	"0,00"	"0,00"	"0,00"	"98,70"	31/08/2025	"0,00"	"0,00"
001825	S Brava Acomp	"7,00"	"0,00"	"0,00"	"0,00"	"98,70"	31/08/2025	"0,00"	"0,00"
001826	S. Mayo-Miel Acomp.	"12,00"	"0,00"	"0,00"	"0,00"	"98,70"	27/08/2025	"0,00"	"0,00"
001827	Salsa 2.0 Acomp.	"2,00"	"0,00"	"0,00"	"0,00"	"98,70"	21/08/2025	"0,00"	"0,00"
001832	SUG_9 17.95	"33,00"	"538,50"	"592,35"	"1,25"	"99,95"	30/08/2025	"538,50"	"100,00"
001897	barbacoa acomp	"61,00"	"0,00"	"0,00"	"0,00"	"99,95"	31/08/2025	"0,00"	"0,00"
001898	Teriyaki acomp	"16,00"	"0,00"	"0,00"	"0,00"	"99,95"	31/08/2025	"0,00"	"0,00"
001901	Arroz acomp	"93,00"	"0,00"	"0,00"	"0,00"	"99,95"	31/08/2025	"0,00"	"0,00"
001902	Noodles acomp	"179,00"	"0,00"	"0,00"	"0,00"	"99,95"	31/08/2025	"0,00"	"0,00"
001903	Bolsa	"10,00"	"0,91"	"1,00"	"0,00"	"99,96"	21/08/2025	"0,91"	"100,00"
001904	Take Grande	"32,00"	"11,64"	"12,80"	"0,03"	"99,98"	30/08/2025	"11,64"	"100,00"
001905	Take pequeño	"40,00"	"7,27"	"8,00"	"0,02"	"100,00"	31/08/2025	"7,27"	"100,00"
001906	Poco hecho	"8,00"	"0,00"	"0,00"	"0,00"	"100,00"	28/08/2025	"0,00"	"0,00"
001907	Punto menos	"5,00"	"0,00"	"0,00"	"0,00"	"100,00"	23/08/2025	"0,00"	"0,00"
001908	Al Punto	"33,00"	"0,00"	"0,00"	"0,00"	"100,00"	28/08/2025	"0,00"	"0,00"
001909	Punto Más	"7,00"	"0,00"	"0,00"	"0,00"	"100,00"	30/08/2025	"0,00"	"0,00"
001910	Muy Hecho	"4,00"	"0,00"	"0,00"	"0,00"	"100,00"	24/08/2025	"0,00"	"0,00"
001911	Pollo empanado	"124,00"	"0,00"	"0,00"	"0,00"	"100,00"	31/08/2025	"0,00"	"0,00"
001912	Pollo plancha	"25,00"	"0,00"	"0,00"	"0,00"	"100,00"	30/08/2025	"0,00"	"0,00"
001913	Patatas fritas	"123,00"	"0,00"	"0,00"	"0,00"	"100,00"	31/08/2025	"0,00"	"0,00"
001914	Arroz	"25,00"	"0,00"	"0,00"	"0,00"	"100,00"	28/08/2025	"0,00"	"0,00"
001943	CUBIERTOS_PLAYA	"31,00"	"0,00"	"0,00"	"0,00"	"100,00"	27/08/2025	"0,00"	"0,00"
001962	Huevo frito infantil	"1,00"	"0,00"	"0,00"	"0,00"	"100,00"	30/08/2025	"0,00"	"0,00"
	CERVEZAS								
000129	MAHOU 33CL	"1.165,00"	"3.495,00"	"3.844,50"	"19,70"	"19,70"	31/08/2025	"3.495,00"	"100,00"
000131	CORONITAS	"207,00"	"696,27"	"765,90"	"3,92"	"23,62"	31/08/2025	"696,27"	"100,00"
000147	SAN MIGUEL 00	"49,00"	"142,55"	"156,80"	"0,80"	"24,43"	31/08/2025	"142,55"	"100,00"
000578	SAN MIGUEL ESPECIAL	"73,00"	"212,36"	"233,60"	"1,20"	"25,62"	31/08/2025	"212,36"	"100,00"
000630	PACK ALHAMBRA	"59,00"	"440,77"	"484,85"	"2,48"	"28,11"	30/08/2025	"440,77"	"100,00"
000631	PACK MAHOU	"111,00"	"857,73"	"943,50"	"4,83"	"32,94"	30/08/2025	"857,73"	"100,00"
000754	CAÑITA 5 ESTRELLAS	"1.452,00"	"3.498,00"	"3.847,80"	"19,72"	"52,66"	31/08/2025	"3.498,00"	"100,00"
000755	JARRA 5 ESTRELLAS	"755,00"	"3.088,64"	"3.397,50"	"17,41"	"70,06"	31/08/2025	"3.088,64"	"100,00"
000825	CLARA LIMON	"72,00"	"157,69"	"190,80"	"0,89"	"70,95"	31/08/2025	"157,69"	"100,00"
000826	CLARA CASERA	"7,00"	"12,73"	"15,40"	"0,07"	"71,03"	24/08/2025	"12,73"	"100,00"
001218	MAESTRA 33CL	"23,00"	"83,64"	"92,00"	"0,47"	"71,50"	29/08/2025	"83,64"	"100,00"
001313	MAHOU SIN GLUTEN	"68,00"	"216,36"	"238,00"	"1,22"	"72,72"	31/08/2025	"216,36"	"100,00"
001319	CAÑA MAESTRA	"138,00"	"401,45"	"441,60"	"2,26"	"74,98"	31/08/2025	"401,45"	"100,00"
001320	JARRA MAESTRA	"32,00"	"160,00"	"176,00"	"0,90"	"75,88"	30/08/2025	"160,00"	"100,00"
001444	RADLER MAHOU	"91,00"	"244,05"	"268,45"	"1,38"	"77,26"	31/08/2025	"244,05"	"100,00"
001481	SAN MIGUEL MAGNA	"15,00"	"43,64"	"48,00"	"0,25"	"77,50"	28/08/2025	"43,64"	"100,00"
001597	San Miguel 0.0	"40,00"	"116,36"	"128,00"	"0,66"	"78,16"	31/08/2025	"116,36"	"100,00"
001643	JARRA CLARA	"14,00"	"57,27"	"63,00"	"0,32"	"78,48"	30/08/2025	"57,27"	"100,00"
001662	STELLA ARTOIS	"16,00"	"42,91"	"47,20"	"0,24"	"78,72"	28/08/2025	"42,91"	"100,00"
001663	ALHAMBRA 1925	"826,00"	"2.764,91"	"3.041,40"	"15,58"	"94,31"	31/08/2025	"2.764,91"	"100,00"
001664	BUDWAISER	"62,00"	"197,27"	"217,00"	"1,11"	"95,42"	31/08/2025	"197,27"	"100,00"
001665	MAHOU IPA	"4,00"	"16,36"	"18,00"	"0,09"	"95,51"	31/08/2025	"16,36"	"100,00"
001666	FRANZISKANER 	"24,00"	"98,18"	"108,00"	"0,55"	"96,06"	30/08/2025	"98,18"	"100,00"
001667	LEFFE BLONDE	"4,00"	"16,36"	"18,00"	"0,09"	"96,16"	26/08/2025	"16,36"	"100,00"
001697	Caña Llevar	"17,00"	"47,91"	"52,70"	"0,27"	"96,43"	27/08/2025	"47,91"	"100,00"
001808	"MAHOU 0,0 TOSTADA"	"205,00"	"596,36"	"656,00"	"3,36"	"99,79"	31/08/2025	"596,36"	"100,00"
001820	MAHOU SIN FILTRAR	"11,00"	"35,00"	"38,50"	"0,20"	"99,98"	24/08/2025	"35,00"	"100,00"
001833	SAN MIGUEL ED. ALUMINIO	"1,00"	"2,91"	"3,20"	"0,02"	"100,00"	07/08/2025	"2,91"	"100,00"
	CAFES E INFUSIONES								
000148	ESPRESSO	"335,00"	"607,27"	"668,00"	"5,76"	"5,76"	31/08/2025	"607,27"	"100,00"
000149	CAFÉ CON LECHE	"1.861,00"	"4.054,18"	"4.459,60"	"38,43"	"44,19"	31/08/2025	"4.054,18"	"100,00"
000150	ESPRESSO MACCHIATO	"10,00"	"20,00"	"22,00"	"0,19"	"44,38"	31/08/2025	"20,00"	"100,00"
000151	CAFÉ HIELO BAYLEIS	"78,00"	"195,00"	"214,50"	"1,85"	"46,23"	31/08/2025	"195,00"	"100,00"
000153	CAPPUCCINO ITALIANO	"245,00"	"576,73"	"634,40"	"5,47"	"51,69"	31/08/2025	"576,73"	"100,00"
000155	COLA CAO	"109,00"	"198,18"	"218,00"	"1,88"	"53,57"	31/08/2025	"198,18"	"100,00"
000156	TÉ	"163,00"	"370,45"	"407,50"	"3,51"	"57,08"	31/08/2025	"370,45"	"100,00"
000157	MENTA POLEO	"12,00"	"27,27"	"30,00"	"0,26"	"57,34"	31/08/2025	"27,27"	"100,00"
000159	MANZANILLA	"12,00"	"27,27"	"30,00"	"0,26"	"57,60"	31/08/2025	"27,27"	"100,00"
000160	leche soja	"76,00"	"6,91"	"7,60"	"0,07"	"57,67"	31/08/2025	"6,91"	"100,00"
000164	TÉ EN LECHE	"12,00"	"30,55"	"33,60"	"0,29"	"57,96"	30/08/2025	"30,55"	"100,00"
000165	TÉ CON CANELA	"3,00"	"8,05"	"8,85"	"0,08"	"58,03"	27/08/2025	"8,05"	"100,00"
000166	TÉ CON LIMÓN	"4,00"	"8,00"	"8,80"	"0,08"	"58,11"	31/08/2025	"8,00"	"100,00"
000167	TÉ CON LECHE	"26,00"	"69,73"	"76,70"	"0,66"	"58,77"	31/08/2025	"69,73"	"100,00"
000168	CHOCOLATE SUIZO	"2,00"	"5,64"	"6,20"	"0,05"	"58,82"	30/08/2025	"5,64"	"100,00"
000170	CAFÉ CON HIELO	"380,00"	"794,55"	"874,00"	"7,53"	"66,35"	31/08/2025	"794,55"	"100,00"
000171	CORTADO	"148,00"	"282,55"	"310,80"	"2,68"	"69,03"	31/08/2025	"282,55"	"100,00"
000173	TAZA DE LECHE	"35,00"	"54,09"	"59,50"	"0,51"	"69,55"	31/08/2025	"54,09"	"100,00"
000174	CHOCOLATE	"8,00"	"21,82"	"24,00"	"0,21"	"69,75"	31/08/2025	"21,82"	"100,00"
000175	CARAJILLO	"21,00"	"55,36"	"60,90"	"0,52"	"70,28"	31/08/2025	"55,36"	"100,00"
000176	AMERICANO	"228,00"	"414,55"	"456,00"	"3,93"	"74,21"	31/08/2025	"414,55"	"100,00"
000528	SHAKERATO	"14,00"	"38,18"	"42,00"	"0,36"	"74,57"	29/08/2025	"38,18"	"100,00"
000529	LATTE MACCHIATO ACARAMELADO	"21,00"	"68,73"	"75,60"	"0,65"	"75,22"	31/08/2025	"68,73"	"100,00"
000530	SHAKERATO CON BAILEYS	"14,00"	"47,09"	"51,80"	"0,45"	"75,67"	31/08/2025	"47,09"	"100,00"
000531	LATTE MACCHIATO ACHOCOLATADO	"9,00"	"29,45"	"32,40"	"0,28"	"75,95"	19/08/2025	"29,45"	"100,00"
000532	ICED CAFÉ	"41,00"	"162,14"	"178,35"	"1,54"	"77,48"	31/08/2025	"162,14"	"100,00"
000534	LATTE MACCHIATO ALMENDRADO	"3,00"	"9,82"	"10,80"	"0,09"	"77,58"	31/08/2025	"9,82"	"100,00"
000535	LATTE MACCHIATO	"57,00"	"160,64"	"176,70"	"1,52"	"79,10"	31/08/2025	"160,64"	"100,00"
000536	IRLANDES	"3,00"	"13,50"	"14,85"	"0,13"	"79,23"	22/08/2025	"13,50"	"100,00"
000538	CALIPSO	"1,00"	"4,50"	"4,95"	"0,04"	"79,27"	16/08/2025	"4,50"	"100,00"
000671	leche sin lactosa	"198,00"	"0,00"	"0,00"	"0,00"	"79,27"	31/08/2025	"0,00"	"0,00"
000782	descafeinado	"90,00"	"0,00"	"0,00"	"0,00"	"79,27"	31/08/2025	"0,00"	"0,00"
001212	TÉ MORUNO	"7,00"	"18,77"	"20,65"	"0,18"	"79,45"	31/08/2025	"18,77"	"100,00"
001250	BOMBON	"16,00"	"36,36"	"40,00"	"0,34"	"79,79"	29/08/2025	"36,36"	"100,00"
001252	CAPPUCCION VIENESSE	"8,00"	"20,36"	"22,40"	"0,19"	"79,99"	29/08/2025	"20,36"	"100,00"
001254	DIABLO VIENESSE	"3,00"	"7,64"	"8,40"	"0,07"	"80,06"	28/08/2025	"7,64"	"100,00"
001255	CAPPUCCINO INFANTIL	"5,00"	"15,91"	"17,50"	"0,15"	"80,21"	30/08/2025	"15,91"	"100,00"
001265	DESCAF. SOBRE	"30,00"	"60,00"	"66,00"	"0,57"	"80,78"	31/08/2025	"60,00"	"100,00"
001291	TE AMERICANO	"1,00"	"2,68"	"2,95"	"0,03"	"80,80"	01/08/2025	"2,68"	"100,00"
001467	BOWL LECHE	"10,00"	"15,45"	"17,00"	"0,15"	"80,95"	28/08/2025	"15,45"	"100,00"
001555	descafeinado	"408,00"	"0,00"	"0,00"	"0,00"	"80,95"	31/08/2025	"0,00"	"0,00"
001556	hielo	"123,00"	"22,36"	"24,60"	"0,21"	"81,16"	31/08/2025	"22,36"	"100,00"
001622	l.almendras	"1,00"	"0,09"	"0,10"	"0,00"	"81,16"	04/08/2025	"0,09"	"100,00"
001624	l.sin lactosa	"1,00"	"0,00"	"0,00"	"0,00"	"81,16"	01/08/2025	"0,00"	"0,00"
001642	RISTRETTO	"12,00"	"20,00"	"22,00"	"0,19"	"81,35"	31/08/2025	"20,00"	"100,00"
001687	BOMBON DOBLE	"35,00"	"92,27"	"101,50"	"0,87"	"82,23"	31/08/2025	"92,27"	"100,00"
001765	L. avena	"143,00"	"13,00"	"14,30"	"0,12"	"82,35"	31/08/2025	"13,00"	"100,00"
001794	ESPRESO DOBLE	"153,00"	"347,73"	"382,50"	"3,30"	"85,65"	31/08/2025	"347,73"	"100,00"
001831	Extra Alcohol	"18,00"	"13,91"	"15,30"	"0,13"	"85,78"	30/08/2025	"13,91"	"100,00"
001835	LECHE Y LECHE	"19,00"	"46,64"	"51,30"	"0,44"	"86,22"	30/08/2025	"46,64"	"100,00"
001836	CORTADO DOBLE	"146,00"	"345,09"	"379,60"	"3,27"	"89,49"	31/08/2025	"345,09"	"100,00"
001864	"CAFE, HIELO Y LECHE"	"470,00"	"1.108,55"	"1.219,40"	"10,51"	"100,00"	31/08/2025	"1.108,55"	"100,00"
001925	Sale	"98,00"	"0,00"	"0,00"	"0,00"	"100,00"	31/08/2025	"0,00"	"0,00"
001930	Nube	"228,00"	"0,00"	"0,00"	"0,00"	"100,00"	31/08/2025	"0,00"	"0,00"
001931	Sombra	"187,00"	"0,00"	"0,00"	"0,00"	"100,00"	31/08/2025	"0,00"	"0,00"
001932	Mitad	"1.039,00"	"0,00"	"0,00"	"0,00"	"100,00"	31/08/2025	"0,00"	"0,00"
001933	Largo	"70,00"	"0,00"	"0,00"	"0,00"	"100,00"	31/08/2025	"0,00"	"0,00"
001934	DOBLE	"80,00"	"0,00"	"0,00"	"0,00"	"100,00"	31/08/2025	"0,00"	"0,00"
001945	Verde	"30,00"	"0,00"	"0,00"	"0,00"	"100,00"	31/08/2025	"0,00"	"0,00"
001946	Supremo	"1,00"	"0,00"	"0,00"	"0,00"	"100,00"	02/08/2025	"0,00"	"0,00"
001947	Oolong	"1,00"	"0,00"	"0,00"	"0,00"	"100,00"	25/08/2025	"0,00"	"0,00"
001948	English Breakfast	"10,00"	"0,00"	"0,00"	"0,00"	"100,00"	20/08/2025	"0,00"	"0,00"
001949	Groundpowder	"8,00"	"0,00"	"0,00"	"0,00"	"100,00"	26/08/2025	"0,00"	"0,00"
001950	Earl Gray	"13,00"	"0,00"	"0,00"	"0,00"	"100,00"	31/08/2025	"0,00"	"0,00"
001951	Pakistaní Supremo	"9,00"	"0,00"	"0,00"	"0,00"	"100,00"	31/08/2025	"0,00"	"0,00"
001953	Galleta y Especias	"1,00"	"0,00"	"0,00"	"0,00"	"100,00"	23/08/2025	"0,00"	"0,00"
001954	Chai	"8,00"	"0,00"	"0,00"	"0,00"	"100,00"	29/08/2025	"0,00"	"0,00"
001955	Caramelo y nueces	"2,00"	"0,00"	"0,00"	"0,00"	"100,00"	26/08/2025	"0,00"	"0,00"
001956	Ayurveda	"9,00"	"0,00"	"0,00"	"0,00"	"100,00"	30/08/2025	"0,00"	"0,00"
001957	Canto del Lama	"3,00"	"0,00"	"0,00"	"0,00"	"100,00"	30/08/2025	"0,00"	"0,00"
001958	Rooibos Pakistani	"18,00"	"0,00"	"0,00"	"0,00"	"100,00"	28/08/2025	"0,00"	"0,00"
001959	Rooibos Manzana Canela	"8,00"	"0,00"	"0,00"	"0,00"	"100,00"	25/08/2025	"0,00"	"0,00"
001960	Rooibos Naranja Choco	"1,00"	"0,00"	"0,00"	"0,00"	"100,00"	29/08/2025	"0,00"	"0,00"
001961	Suspiro	"2,00"	"0,00"	"0,00"	"0,00"	"100,00"	27/08/2025	"0,00"	"0,00"
	DESAYUNOS								
001224	americano	"69,00"	"0,00"	"0,00"	"0,00"	"0,00"	31/08/2025	"0,00"	"0,00"
001225	cortado	"38,00"	"0,00"	"0,00"	"0,00"	"0,00"	27/08/2025	"0,00"	"0,00"
001462	CHOCAPIC	"7,00"	"10,18"	"11,20"	"0,10"	"0,10"	28/08/2025	"10,18"	"100,00"
001463	BOWL YOGURT	"115,00"	"207,27"	"228,00"	"1,98"	"2,08"	31/08/2025	"207,27"	"100,00"
001465	BOWL SIN LACTOSA	"2,00"	"3,27"	"3,60"	"0,03"	"2,11"	13/08/2025	"3,27"	"100,00"
001468	FLAKES	"21,00"	"30,55"	"33,60"	"0,29"	"2,40"	29/08/2025	"30,55"	"100,00"
001472	PIPAS	"6,00"	"2,18"	"2,40"	"0,02"	"2,42"	26/08/2025	"2,18"	"100,00"
001479	MIX DE FRUTAS	"46,00"	"20,91"	"23,00"	"0,20"	"2,62"	31/08/2025	"20,91"	"100,00"
001486	CROISSANT	"254,00"	"504,00"	"554,40"	"4,81"	"7,43"	31/08/2025	"504,00"	"100,00"
001487	RUSTICO	"775,00"	"1.052,73"	"1.158,00"	"10,05"	"17,48"	31/08/2025	"1.052,73"	"100,00"
001488	MULTICEREAL	"837,00"	"1.216,00"	"1.337,60"	"11,61"	"29,08"	31/08/2025	"1.216,00"	"100,00"
001489	MOLLETE	"518,00"	"706,36"	"777,00"	"6,74"	"35,83"	31/08/2025	"706,36"	"100,00"
001490	SIN GLUTEN	"75,00"	"136,36"	"150,00"	"1,30"	"37,13"	31/08/2025	"136,36"	"100,00"
001491	MOLDE GRUESO	"94,00"	"153,82"	"169,20"	"1,47"	"38,60"	31/08/2025	"153,82"	"100,00"
001493	ATÚN	"101,00"	"91,82"	"101,00"	"0,88"	"39,47"	31/08/2025	"91,82"	"100,00"
001494	YORK	"104,00"	"65,55"	"72,10"	"0,63"	"40,10"	31/08/2025	"65,55"	"100,00"
001495	JAMÓN IBÉRICO	"370,00"	"840,91"	"925,00"	"8,03"	"48,13"	31/08/2025	"840,91"	"100,00"
001496	BACÓN	"75,00"	"53,82"	"59,20"	"0,51"	"48,64"	31/08/2025	"53,82"	"100,00"
001497	GOUDA	"151,00"	"109,09"	"120,00"	"1,04"	"49,68"	31/08/2025	"109,09"	"100,00"
001498	LOMO AL HORNO	"67,00"	"67,00"	"73,70"	"0,64"	"50,32"	31/08/2025	"67,00"	"100,00"
001499	HUEVO PLANCHA 1H	"227,00"	"206,36"	"227,00"	"1,97"	"52,29"	31/08/2025	"206,36"	"100,00"
001500	YORK + QUESO	"350,00"	"379,64"	"417,60"	"3,62"	"55,91"	31/08/2025	"379,64"	"100,00"
001501	LECHUGA	"124,00"	"11,27"	"12,40"	"0,11"	"56,02"	31/08/2025	"11,27"	"100,00"
001502	CEBOLLA	"49,00"	"8,91"	"9,80"	"0,09"	"56,11"	31/08/2025	"8,91"	"100,00"
001503	TOMATE	"297,00"	"81,00"	"89,10"	"0,77"	"56,88"	31/08/2025	"81,00"	"100,00"
001504	AGUACATE	"514,00"	"420,55"	"462,60"	"4,01"	"60,89"	31/08/2025	"420,55"	"100,00"
001505	ACEITE	"1.354,00"	"615,00"	"676,50"	"5,87"	"66,76"	31/08/2025	"615,00"	"100,00"
001507	EMULSION TOMATE	"1.099,00"	"499,09"	"549,00"	"4,76"	"71,53"	31/08/2025	"499,09"	"100,00"
001508	MANTEQUILLA	"485,00"	"218,64"	"240,50"	"2,09"	"73,61"	31/08/2025	"218,64"	"100,00"
001510	MIEL	"62,00"	"33,27"	"36,60"	"0,32"	"73,93"	31/08/2025	"33,27"	"100,00"
001512	CHERRY	"13,00"	"3,55"	"3,90"	"0,03"	"73,97"	22/08/2025	"3,55"	"100,00"
001516	HUEVO PLANCHA 2H	"33,00"	"75,00"	"82,50"	"0,72"	"74,68"	31/08/2025	"75,00"	"100,00"
001517	REVUELTO 2H	"71,00"	"156,82"	"172,50"	"1,50"	"76,18"	31/08/2025	"156,82"	"100,00"
001518	TORTILLA  2H	"133,00"	"295,45"	"325,00"	"2,82"	"79,00"	31/08/2025	"295,45"	"100,00"
001528	QUESO FRESCO	"159,00"	"130,09"	"143,10"	"1,24"	"80,24"	31/08/2025	"130,09"	"100,00"
001590	UNIVERSAL	"143,00"	"520,00"	"572,00"	"4,96"	"85,20"	31/08/2025	"520,00"	"100,00"
001636	COUNTRY STORE	"23,00"	"33,45"	"36,80"	"0,32"	"85,52"	31/08/2025	"33,45"	"100,00"
001715	PAVO	"176,00"	"144,00"	"158,40"	"1,37"	"86,90"	31/08/2025	"144,00"	"100,00"
001739	BACON + QUESO	"148,00"	"174,91"	"192,40"	"1,67"	"88,57"	31/08/2025	"174,91"	"100,00"
001740	PAVO+QUESO	"161,00"	"190,27"	"209,30"	"1,82"	"90,38"	31/08/2025	"190,27"	"100,00"
001741	MERMELADA	"123,00"	"33,55"	"36,90"	"0,32"	"90,70"	31/08/2025	"33,55"	"100,00"
001784	TORTILLA 1H	"37,00"	"50,45"	"55,50"	"0,48"	"91,18"	31/08/2025	"50,45"	"100,00"
001785	REVUELTO 1H	"30,00"	"40,91"	"45,00"	"0,39"	"91,58"	31/08/2025	"40,91"	"100,00"
001786	Pan Rodaja	"66,00"	"35,45"	"39,00"	"0,34"	"91,91"	31/08/2025	"35,45"	"100,00"
001787	BOWL DE FRUTA	"76,00"	"333,00"	"366,30"	"3,18"	"95,09"	31/08/2025	"333,00"	"100,00"
001788	SIROPE CARAMELO	"1,00"	"0,91"	"1,00"	"0,01"	"95,10"	16/08/2025	"0,91"	"100,00"
001789	SIROPE CHOCOLATE	"1,00"	"0,91"	"1,00"	"0,01"	"95,11"	15/08/2025	"0,91"	"100,00"
001790	SIROPE FRESA	"1,00"	"0,91"	"1,00"	"0,01"	"95,12"	13/08/2025	"0,91"	"100,00"
001806	INTEGRAL	"213,00"	"232,36"	"255,60"	"2,22"	"97,34"	31/08/2025	"232,36"	"100,00"
001807	JAMÓN SERRANO	"307,00"	"279,09"	"307,00"	"2,66"	"100,00"	31/08/2025	"279,09"	"100,00"
001938	Fresa	"66,00"	"0,00"	"0,00"	"0,00"	"100,00"	31/08/2025	"0,00"	"0,00"
001939	Melocotón	"52,00"	"0,00"	"0,00"	"0,00"	"100,00"	31/08/2025	"0,00"	"0,00"
	HAMACAS								
000211	HAMACA 	"2.183,00"	"12.594,21"	"15.239,00"	"54,45"	"54,45"	31/08/2025	"12.594,21"	"100,00"
000212	CAMA 1/2 DIA	"64,00"	"1.411,57"	"1.708,00"	"6,10"	"60,55"	31/08/2025	"1.411,57"	"100,00"
000213	CAMA 1 DIA	"162,00"	"4.685,95"	"5.670,00"	"20,26"	"80,81"	31/08/2025	"4.685,95"	"100,00"
001849	SOMBRILLA 	"1.077,00"	"4.438,02"	"5.370,00"	"19,19"	"100,00"	31/08/2025	"4.438,02"	"100,00"
	BRANDIES Y COGNACS								
000220	TORRES 10	"3,00"	"20,45"	"22,50"	"63,37"	"63,37"	14/08/2025	"20,45"	"100,00"
000225	TORRES 5	"2,00"	"11,82"	"13,00"	"36,63"	"100,00"	23/08/2025	"11,82"	"100,00"
000914	BOTELLA TORRES 10	"0,53"	"0,00"	"0,00"	"0,00"	"100,00"	14/08/2025	"0,00"	"0,00"
000916	BOTELLA TORRES 5	"0,35"	"0,00"	"0,00"	"0,00"	"100,00"	23/08/2025	"0,00"	"0,00"
	VINOS Y CAVAS								
000229	TINTO DE VERANO	"647,00"	"1.735,14"	"1.908,65"	"18,11"	"18,11"	31/08/2025	"1.735,14"	"100,00"
000232	JUVE Y CAMPS BOTELLA	"10,00"	"209,09"	"230,00"	"2,18"	"20,30"	31/08/2025	"209,09"	"100,00"
000242	JUVE Y CAMPS COPA	"105,00"	"377,05"	"414,75"	"3,94"	"24,23"	31/08/2025	"377,05"	"100,00"
000792	SANGRIA PEQUEÑA	"122,00"	"438,09"	"481,90"	"4,57"	"28,81"	30/08/2025	"438,09"	"100,00"
000793	SANGRIA JARRA	"180,00"	"773,55"	"936,00"	"8,08"	"36,88"	31/08/2025	"773,55"	"100,00"
000892	BOTANI ESPUMOSO	"5,00"	"86,36"	"95,00"	"0,90"	"37,78"	23/08/2025	"86,36"	"100,00"
001317	BOTELLA SEIS+SEIS	"2,00"	"40,00"	"44,00"	"0,42"	"38,20"	22/08/2025	"40,00"	"100,00"
001318	SEIS+SEIS COPA	"26,00"	"91,00"	"100,10"	"0,95"	"39,15"	31/08/2025	"91,00"	"100,00"
001394	JARRA TINTO DE VERANO	"245,00"	"935,45"	"1.029,00"	"9,77"	"48,92"	31/08/2025	"935,45"	"100,00"
001482	COPA ZUMBRAL	"8,00"	"27,64"	"30,40"	"0,29"	"49,20"	24/08/2025	"27,64"	"100,00"
001621	COPA BOTANI ESPUMOSO	"24,00"	"85,09"	"93,60"	"0,89"	"50,09"	30/08/2025	"85,09"	"100,00"
001744	SAN VALENTIN COPA	"1,00"	"3,18"	"3,50"	"0,03"	"50,13"	24/08/2025	"3,18"	"100,00"
001746	CLOE COPA	"24,00"	"79,64"	"87,60"	"0,83"	"50,96"	31/08/2025	"79,64"	"100,00"
001747	CLOE BOTELLA	"5,00"	"88,64"	"97,50"	"0,93"	"51,88"	25/08/2025	"88,64"	"100,00"
001752	TINTO CASA COPA	"36,00"	"126,00"	"138,60"	"1,32"	"53,20"	26/08/2025	"126,00"	"100,00"
001753	TINTO CASA BOTELLA	"1,00"	"20,00"	"22,00"	"0,21"	"53,41"	12/08/2025	"20,00"	"100,00"
001754	CLOE ROSÉ COPA	"64,00"	"209,05"	"229,95"	"2,18"	"55,59"	31/08/2025	"209,05"	"100,00"
001755	CLOE ROSÉ BOTELLA	"8,00"	"141,82"	"156,00"	"1,48"	"57,07"	31/08/2025	"141,82"	"100,00"
001796	VIÑASOL ROSADO Copa.	"4,00"	"11,27"	"12,40"	"0,12"	"57,19"	11/08/2025	"11,27"	"100,00"
001811	MALPASTOR COPA	"41,00"	"127,68"	"140,45"	"1,33"	"58,52"	30/08/2025	"127,68"	"100,00"
001842	3055 JEAN LEÓN BOTELLA	"2,00"	"30,00"	"33,00"	"0,31"	"58,83"	31/08/2025	"30,00"	"100,00"
001843	3055 JEAN LEÓN COPA	"3,00"	"9,55"	"10,50"	"0,10"	"58,93"	06/08/2025	"9,55"	"100,00"
001844	LA MATEO ROSADO BOTELLA	"3,00"	"65,45"	"72,00"	"0,68"	"59,62"	23/08/2025	"65,45"	"100,00"
001845	LA MATEO ROSADO COPA	"2,00"	"5,73"	"6,30"	"0,06"	"59,68"	06/08/2025	"5,73"	"100,00"
001856	Pago de Carraovejas	"2,00"	"109,09"	"120,00"	"1,14"	"60,81"	24/08/2025	"109,09"	"100,00"
001857	La Mateo	"1,00"	"26,36"	"29,00"	"0,28"	"61,09"	22/08/2025	"26,36"	"100,00"
001861	Encaste Crianza	"2,00"	"41,82"	"46,00"	"0,44"	"61,53"	09/08/2025	"41,82"	"100,00"
001868	Las Pisadas Copa	"22,00"	"73,00"	"80,30"	"0,76"	"62,29"	31/08/2025	"73,00"	"100,00"
001870	Dusky Sound copa	"33,00"	"105,00"	"115,50"	"1,10"	"63,38"	31/08/2025	"105,00"	"100,00"
001871	Dusky Sound Botella	"29,00"	"395,45"	"435,00"	"4,13"	"67,51"	23/08/2025	"395,45"	"100,00"
001872	62 millas Copa	"156,00"	"517,64"	"569,40"	"5,40"	"72,92"	31/08/2025	"517,64"	"100,00"
001873	62 millas Botella	"1,00"	"16,36"	"18,00"	"0,17"	"73,09"	16/08/2025	"16,36"	"100,00"
001874	Mar de seda copa	"385,00"	"1.225,00"	"1.347,50"	"12,79"	"85,87"	31/08/2025	"1.225,00"	"100,00"
001875	Mar de seda Botella	"35,00"	"381,82"	"420,00"	"3,99"	"89,86"	31/08/2025	"381,82"	"100,00"
001876	Camiño dos faros	"2,00"	"32,73"	"36,00"	"0,34"	"90,20"	18/08/2025	"32,73"	"100,00"
001877	Pazos Copa	"107,00"	"306,41"	"337,05"	"3,20"	"93,40"	31/08/2025	"306,41"	"100,00"
001878	Letargo Copa	"3,00"	"9,00"	"9,90"	"0,09"	"93,49"	27/08/2025	"9,00"	"100,00"
001879	Letargo Botella	"3,00"	"43,64"	"48,00"	"0,46"	"93,95"	26/08/2025	"43,64"	"100,00"
001880	3º millenium	"5,00"	"100,00"	"110,00"	"1,04"	"94,99"	28/08/2025	"100,00"	"100,00"
001881	Viernes Copa	"33,00"	"99,00"	"108,90"	"1,03"	"96,03"	30/08/2025	"99,00"	"100,00"
001882	Viernes Botella	"7,00"	"105,00"	"115,50"	"1,10"	"97,12"	27/08/2025	"105,00"	"100,00"
001883	ricipe viana Copa	"1,00"	"2,73"	"3,00"	"0,03"	"97,15"	01/08/2025	"2,73"	"100,00"
001884	Principe Viana Botella	"1,00"	"11,82"	"13,00"	"0,12"	"97,28"	22/08/2025	"11,82"	"100,00"
001892	TESELA COPA	"3,00"	"9,55"	"10,50"	"0,10"	"97,38"	24/08/2025	"9,55"	"100,00"
001895	CALIMOCHO	"1,00"	"2,68"	"2,95"	"0,03"	"97,40"	04/08/2025	"2,68"	"100,00"
001896	PAZOS BOT	"18,00"	"248,73"	"273,60"	"2,60"	"100,00"	27/08/2025	"248,73"	"100,00"
001941	con limón	"740,00"	"0,00"	"0,00"	"0,00"	"100,00"	31/08/2025	"0,00"	"0,00"
001942	con casera	"139,00"	"0,00"	"0,00"	"0,00"	"100,00"	31/08/2025	"0,00"	"0,00"
	APERITIVOS Y LICORES								
000247	LICOR DE MANZANA SIN	"2,00"	"8,18"	"9,00"	"0,76"	"0,76"	13/08/2025	"8,18"	"100,00"
000248	LICOR DE MORA SIN	"2,00"	"8,18"	"9,00"	"0,76"	"1,52"	30/08/2025	"8,18"	"100,00"
000257	ORUJO DE HIERBAS	"13,00"	"65,00"	"71,50"	"6,04"	"7,56"	30/08/2025	"65,00"	"100,00"
000258	ANIS DULCE	"5,00"	"22,73"	"25,00"	"2,11"	"9,67"	31/08/2025	"22,73"	"100,00"
000262	LICOR 43	"4,00"	"20,00"	"22,00"	"1,86"	"11,53"	11/08/2025	"20,00"	"100,00"
000264	MARTINI ROJO	"3,00"	"15,45"	"17,00"	"1,44"	"12,97"	08/08/2025	"-31,55"	"-204,12"
000265	MARTINI BLANCO	"4,00"	"20,00"	"22,00"	"1,86"	"14,82"	29/08/2025	"20,00"	"100,00"
000266	AMARETTO	"8,00"	"41,36"	"45,50"	"3,84"	"18,67"	30/08/2025	"41,36"	"100,00"
000267	FRANGELICO	"4,00"	"20,00"	"22,00"	"1,86"	"20,53"	29/08/2025	"20,00"	"100,00"
000268	TIA MARÍA	"1,00"	"5,00"	"5,50"	"0,46"	"20,99"	15/08/2025	"5,00"	"100,00"
000270	BAILEYS	"54,00"	"270,00"	"297,00"	"25,09"	"46,08"	31/08/2025	"270,00"	"100,00"
000271	SHERIDAN´S	"1,00"	"5,00"	"5,50"	"0,46"	"46,54"	07/08/2025	"5,00"	"100,00"
000272	MALIBU	"1,00"	"5,00"	"5,50"	"0,46"	"47,01"	29/08/2025	"5,00"	"100,00"
000275	COINTREAU	"1,00"	"5,00"	"5,50"	"0,46"	"47,47"	04/08/2025	"5,00"	"100,00"
000277	JAGERMEISTER	"1,00"	"5,00"	"5,50"	"0,46"	"47,94"	12/08/2025	"5,00"	"100,00"
000280	CAMPARI	"7,00"	"35,00"	"38,50"	"3,25"	"51,19"	31/08/2025	"35,00"	"100,00"
000283	TEQUILA JOSE CUERVO	"7,00"	"47,27"	"52,00"	"4,39"	"55,58"	10/08/2025	"47,27"	"100,00"
000299	ORUJO CREMA	"9,00"	"45,00"	"49,50"	"4,18"	"59,76"	29/08/2025	"45,00"	"100,00"
000765	VERMOUTH DE LA CASA	"2,00"	"10,00"	"11,00"	"0,93"	"60,69"	16/08/2025	"10,00"	"100,00"
000851	Pacharan Otaola	"33,00"	"150,00"	"181,50"	"13,94"	"74,63"	31/08/2025	"150,00"	"100,00"
001091	BOTELLA AMARETO	"0,88"	"0,00"	"0,00"	"0,00"	"74,63"	30/08/2025	"0,00"	"0,00"
001097	BOTELLA BAILEYS	"6,63"	"0,00"	"0,00"	"0,00"	"74,63"	31/08/2025	"0,00"	"0,00"
001103	BOTELLA CAMPARI	"0,88"	"0,00"	"0,00"	"0,00"	"74,63"	31/08/2025	"0,00"	"0,00"
001106	BOTELLA COINTREAU	"0,13"	"0,00"	"0,00"	"0,00"	"74,63"	04/08/2025	"0,00"	"0,00"
001110	BOTELLA FRANGELICO	"0,50"	"0,00"	"0,00"	"0,00"	"74,63"	29/08/2025	"0,00"	"0,00"
001112	BOTELLA JAGERMEISTER	"0,13"	"0,00"	"0,00"	"0,00"	"74,63"	12/08/2025	"0,00"	"0,00"
001116	BOTELLA LICOR 43	"0,50"	"0,00"	"0,00"	"0,00"	"74,63"	11/08/2025	"0,00"	"0,00"
001124	BOTELLA MALIBU	"0,13"	"0,00"	"0,00"	"0,00"	"74,63"	29/08/2025	"0,00"	"0,00"
001127	BOTELLA MARTINI BLANCO	"0,38"	"0,00"	"0,00"	"0,00"	"74,63"	29/08/2025	"0,00"	"0,00"
001129	BOTELLA MARTINI ROJO	"0,38"	"0,00"	"0,00"	"0,00"	"74,63"	08/08/2025	"0,00"	"0,00"
001160	BOTELLA SHERIDANS	"0,13"	"0,00"	"0,00"	"0,00"	"74,63"	07/08/2025	"0,00"	"0,00"
001162	BOTELLA TEQUILA JOSE CUERVO	"0,88"	"0,00"	"0,00"	"0,00"	"74,63"	10/08/2025	"0,00"	"0,00"
001164	BOTELLA TIA MARIA	"0,13"	"0,00"	"0,00"	"0,00"	"74,63"	15/08/2025	"0,00"	"0,00"
001759	LIMONCELLO	"7,00"	"35,00"	"38,50"	"3,25"	"77,88"	30/08/2025	"35,00"	"100,00"
001848	VERMOUTH GUERRA	"44,00"	"238,00"	"261,80"	"22,12"	"100,00"	29/08/2025	"238,00"	"100,00"
	WHISKIES								
000302	WHITE LABEL	"18,00"	"124,09"	"136,50"	"8,75"	"8,75"	27/08/2025	"124,09"	"100,00"
000304	CUTTY SARK	"16,00"	"111,82"	"123,00"	"7,88"	"16,63"	28/08/2025	"111,82"	"100,00"
000306	DYC 8	"8,00"	"54,55"	"60,00"	"3,84"	"20,47"	31/08/2025	"54,55"	"100,00"
000308	JAMESON	"16,00"	"109,09"	"120,00"	"7,69"	"28,16"	28/08/2025	"109,09"	"100,00"
000318	JOHNNY WALKER BLACK	"23,00"	"209,41"	"230,35"	"14,76"	"42,92"	30/08/2025	"209,41"	"100,00"
000319	J&B	"9,00"	"61,36"	"67,50"	"4,32"	"47,24"	25/08/2025	"61,36"	"100,00"
000322	JOHNNY WALKER RED	"37,00"	"252,27"	"277,50"	"17,78"	"65,02"	30/08/2025	"252,27"	"100,00"
000324	JACK DANIELS	"19,00"	"139,55"	"153,50"	"9,83"	"74,85"	29/08/2025	"139,55"	"100,00"
000325	FOUR ROSES	"2,00"	"14,55"	"16,00"	"1,03"	"75,88"	20/08/2025	"14,55"	"100,00"
001604	MACALLAN 12	"6,00"	"81,82"	"90,00"	"5,77"	"81,64"	23/08/2025	"81,82"	"100,00"
001684	BALLANTINES	"26,00"	"178,64"	"196,50"	"12,59"	"94,23"	30/08/2025	"178,64"	"100,00"
001821	HIBIKI	"6,00"	"81,82"	"90,00"	"5,77"	"100,00"	15/08/2025	"81,82"	"100,00"
	VODKAS								
000363	STOLICHNAYA	"4,00"	"27,27"	"30,00"	"6,73"	"6,73"	30/08/2025	"27,27"	"100,00"
000364	SMIRNOFF	"1,00"	"6,82"	"7,50"	"1,68"	"8,42"	23/08/2025	"6,82"	"100,00"
001685	ABSOLUT	"53,00"	"370,91"	"408,00"	"91,58"	"100,00"	31/08/2025	"370,91"	"100,00"
	"COCKTAILS, ZUMOS Y BATIDOS"								
000006	ZUMO NARANJA NAT. (Desay.)	"482,00"	"1.255,09"	"1.380,60"	"8,25"	"8,25"	31/08/2025	"1.255,09"	"100,00"
000378	CARIBEÑO	"51,00"	"255,00"	"280,50"	"1,68"	"9,93"	30/08/2025	"255,00"	"100,00"
000379	LA CHANCLA	"73,00"	"394,86"	"434,35"	"2,60"	"12,52"	30/08/2025	"394,86"	"100,00"
000380	ANTIOXIDANTE	"42,00"	"221,45"	"243,60"	"1,46"	"13,98"	30/08/2025	"221,45"	"100,00"
000381	MOJITO	"335,00"	"2.588,64"	"2.847,50"	"17,02"	"30,99"	31/08/2025	"2.588,64"	"100,00"
000382	DAIKIRI ORIGINAL	"2,00"	"15,45"	"17,00"	"0,10"	"31,10"	25/08/2025	"15,45"	"100,00"
000383	CAIPIRIÑA	"26,00"	"200,91"	"221,00"	"1,32"	"32,42"	29/08/2025	"200,91"	"100,00"
000384	PIÑA COLADA	"221,00"	"1.798,14"	"1.977,95"	"11,82"	"44,24"	31/08/2025	"1.798,14"	"100,00"
000385	SAN FRANCISCO	"38,00"	"205,55"	"226,10"	"1,35"	"45,59"	31/08/2025	"205,55"	"100,00"
000386	LIMÓN Y ALGO	"35,00"	"175,00"	"192,50"	"1,15"	"46,74"	31/08/2025	"175,00"	"100,00"
000392	BLODY MARY	"23,00"	"166,23"	"182,85"	"1,09"	"47,83"	31/08/2025	"166,23"	"100,00"
000393	APEROL SPRITZ	"354,00"	"2.091,82"	"2.301,00"	"13,75"	"61,58"	31/08/2025	"2.091,82"	"100,00"
000394	MARGARITA	"81,00"	"625,91"	"688,50"	"4,11"	"65,70"	31/08/2025	"625,91"	"100,00"
000395	DAIKIRI DE FRESA	"88,00"	"680,00"	"748,00"	"4,47"	"70,17"	31/08/2025	"680,00"	"100,00"
000396	MORENITO	"11,00"	"55,00"	"60,50"	"0,36"	"70,53"	30/08/2025	"55,00"	"100,00"
000397	MOJITO SIN	"65,00"	"351,59"	"386,75"	"2,31"	"72,84"	31/08/2025	"351,59"	"100,00"
000398	COCKTAIL DE CAVA	"3,00"	"27,14"	"29,85"	"0,18"	"73,02"	29/08/2025	"27,14"	"100,00"
000399	FLY ME TO THE MOON	"21,00"	"162,27"	"178,50"	"1,07"	"74,08"	31/08/2025	"162,27"	"100,00"
000400	TOM COLLINS	"14,00"	"108,18"	"119,00"	"0,71"	"74,79"	31/08/2025	"108,18"	"100,00"
000401	VITAMINICO	"41,00"	"205,00"	"225,50"	"1,35"	"76,14"	31/08/2025	"205,00"	"100,00"
000715	MOJITO FRESA SIN	"39,00"	"210,95"	"232,05"	"1,39"	"77,53"	31/08/2025	"210,95"	"100,00"
000740	MOJITO FRESA	"68,00"	"525,45"	"578,00"	"3,45"	"80,98"	31/08/2025	"525,45"	"100,00"
000741	DAIKIRI FRESA SIN	"28,00"	"146,05"	"160,65"	"0,96"	"81,94"	30/08/2025	"146,05"	"100,00"
000742	VIRGIN MARY	"8,00"	"40,00"	"44,00"	"0,26"	"82,21"	20/08/2025	"40,00"	"100,00"
000776	ZUMO NARANJA NATURAL GRANDE	"145,00"	"553,64"	"609,00"	"3,64"	"85,84"	31/08/2025	"553,64"	"100,00"
000778	PUESTA DE SOL	"64,00"	"315,00"	"346,50"	"2,07"	"87,92"	31/08/2025	"315,00"	"100,00"
000783	DETOX	"18,00"	"100,45"	"110,50"	"0,66"	"88,58"	29/08/2025	"100,45"	"100,00"
000784	CAIPIROSKA	"4,00"	"22,55"	"24,80"	"0,15"	"88,72"	04/08/2025	"22,55"	"100,00"
000785	CAIPIRIÑA DE FRESA	"8,00"	"61,82"	"68,00"	"0,41"	"89,13"	31/08/2025	"61,82"	"100,00"
000807	LIMONADA 100%	"112,00"	"427,64"	"470,40"	"2,81"	"91,94"	31/08/2025	"427,64"	"100,00"
001177	ZUMO DE TEMPORADA	"26,00"	"130,00"	"143,00"	"0,85"	"92,80"	29/08/2025	"130,00"	"100,00"
001178	BATIDO DE CHOCOLATE	"20,00"	"105,45"	"116,00"	"0,69"	"93,49"	30/08/2025	"105,45"	"100,00"
001269	BATIDO DE VAINILLA	"19,00"	"100,18"	"110,20"	"0,66"	"94,15"	29/08/2025	"100,18"	"100,00"
001270	BATIDO DE FRESA	"11,00"	"58,00"	"63,80"	"0,38"	"94,53"	25/08/2025	"58,00"	"100,00"
001271	BATIDO DE TURRON	"10,00"	"52,73"	"58,00"	"0,35"	"94,88"	30/08/2025	"52,73"	"100,00"
001272	BATIDO VAINILLA ESPECIAL	"3,00"	"15,00"	"16,50"	"0,10"	"94,97"	11/08/2025	"15,00"	"100,00"
001273	ESPRESSO MARTINI	"28,00"	"176,91"	"194,60"	"1,16"	"96,14"	31/08/2025	"176,91"	"100,00"
001274	WHITE RUSSIAN	"6,00"	"37,91"	"41,70"	"0,25"	"96,39"	31/08/2025	"37,91"	"100,00"
001275	ORANGE	"2,00"	"11,82"	"13,00"	"0,08"	"96,46"	16/08/2025	"11,82"	"100,00"
001276	PASION DE COCO	"1,00"	"5,91"	"6,50"	"0,04"	"96,50"	07/08/2025	"5,91"	"100,00"
001277	AFRODISIACO	"2,00"	"12,64"	"13,90"	"0,08"	"96,59"	31/08/2025	"12,64"	"100,00"
001286	nata	"6,00"	"2,73"	"3,00"	"0,02"	"96,60"	26/08/2025	"2,73"	"100,00"
001574	Naranja	"5,00"	"0,00"	"0,00"	"0,00"	"96,60"	11/08/2025	"0,00"	"0,00"
001830	PIÑA COLADA SIN	"64,00"	"346,18"	"380,80"	"2,28"	"98,88"	31/08/2025	"346,18"	"100,00"
001885	Negroni	"19,00"	"129,55"	"142,50"	"0,85"	"99,73"	31/08/2025	"129,55"	"100,00"
001924	Crodino	"10,00"	"40,91"	"45,00"	"0,27"	"100,00"	31/08/2025	"40,91"	"100,00"
	RON								
000408	CACIQUE	"8,00"	"54,55"	"60,00"	"3,12"	"3,12"	25/08/2025	"54,55"	"100,00"
000409	CACIQUE 500	"1,00"	"8,64"	"9,50"	"0,49"	"3,61"	18/08/2025	"8,64"	"100,00"
000411	BARCELO AÑEJO	"127,00"	"922,91"	"1.015,20"	"52,77"	"56,38"	31/08/2025	"922,91"	"100,00"
000413	BARCELO IMPERIAL	"7,00"	"63,32"	"69,65"	"3,62"	"60,00"	16/08/2025	"63,32"	"100,00"
000415	PAMPERO ANIVERSARIO	"1,00"	"7,73"	"8,50"	"0,44"	"60,44"	01/08/2025	"7,73"	"100,00"
000417	BRUGAL	"28,00"	"190,91"	"210,00"	"10,92"	"71,36"	29/08/2025	"190,91"	"100,00"
000419	SANTA TERESA AÑEJO	"7,00"	"44,23"	"48,65"	"2,53"	"73,89"	25/08/2025	"44,23"	"100,00"
000421	CAPITAN MORGAN	"7,00"	"47,73"	"52,50"	"2,73"	"76,62"	23/08/2025	"47,73"	"100,00"
000437	ZACAPA 23	"8,00"	"98,18"	"108,00"	"5,61"	"82,23"	24/08/2025	"98,18"	"100,00"
000446	BACARDI	"3,00"	"20,45"	"22,50"	"1,17"	"83,40"	24/08/2025	"20,45"	"100,00"
000453	LEGENDARIO ELIXIR (7)	"14,00"	"101,82"	"112,00"	"5,82"	"89,22"	30/08/2025	"101,82"	"100,00"
000466	AREHUCAS	"3,00"	"17,73"	"19,50"	"1,01"	"90,24"	22/08/2025	"17,73"	"100,00"
000477	MATUSALEN 7	"4,00"	"30,91"	"34,00"	"1,77"	"92,00"	14/08/2025	"30,91"	"100,00"
000652	BRUGAL 1888 	"2,00"	"23,55"	"25,90"	"1,35"	"93,35"	24/08/2025	"23,55"	"100,00"
000843	BOTELLA BARCELO	"16,50"	"0,00"	"0,00"	"0,00"	"93,35"	31/08/2025	"0,00"	"0,00"
001044	BOTELLA BARCELO IMPERIAL	"0,02"	"0,00"	"0,00"	"0,00"	"93,35"	16/08/2025	"0,00"	"0,00"
001686	HAVANA 7 AÑOS	"5,00"	"41,77"	"45,95"	"2,39"	"95,74"	21/08/2025	"41,77"	"100,00"
001851	Brugal Doble Reserva	"4,00"	"30,91"	"34,00"	"1,77"	"97,50"	14/08/2025	"30,91"	"100,00"
001853	Dos Maderas 5+3	"5,00"	"34,09"	"37,50"	"1,95"	"99,45"	31/08/2025	"34,09"	"100,00"
001854	Dos maderas 5+5	"1,00"	"9,55"	"10,50"	"0,55"	"100,00"	07/08/2025	"9,55"	"100,00"
	GINEBRAS								
000506	BOMBAY SAPPHIRE	"23,00"	"179,55"	"197,50"	"3,93"	"3,93"	28/08/2025	"179,55"	"100,00"
000508	TANQUERAY	"58,00"	"397,27"	"437,00"	"8,69"	"12,62"	30/08/2025	"397,27"	"100,00"
000509	LARIOS	"102,00"	"650,00"	"715,00"	"14,22"	"26,84"	31/08/2025	"650,00"	"100,00"
000514	HENDRICKS	"14,00"	"135,45"	"149,00"	"2,96"	"29,80"	30/08/2025	"135,45"	"100,00"
000515	NORDES	"25,00"	"217,27"	"239,00"	"4,75"	"34,55"	31/08/2025	"217,27"	"100,00"
000516	LARIOS 12	"68,00"	"464,55"	"511,00"	"10,16"	"44,72"	30/08/2025	"464,55"	"100,00"
000518	G´VINE	"2,00"	"19,91"	"21,90"	"0,44"	"45,15"	13/08/2025	"19,91"	"100,00"
000522	MARTIN MILLERS	"28,00"	"242,27"	"266,50"	"5,30"	"50,45"	31/08/2025	"242,27"	"100,00"
000595	BROCKMANS	"8,00"	"76,82"	"84,50"	"1,68"	"52,13"	22/08/2025	"76,82"	"100,00"
000606	BULL DOG	"13,00"	"93,95"	"103,35"	"2,06"	"54,19"	18/08/2025	"93,95"	"100,00"
000625	MONKEY 47	"1,00"	"15,41"	"16,95"	"0,34"	"54,53"	14/08/2025	"15,41"	"100,00"
000836	Botella Larios 12	"0,17"	"0,00"	"0,00"	"0,00"	"54,53"	30/08/2025	"0,00"	"0,00"
001202	LARIOS ROSE	"34,00"	"231,82"	"255,00"	"5,07"	"59,60"	30/08/2025	"231,82"	"100,00"
001608	ROKU	"2,00"	"16,36"	"18,00"	"0,36"	"59,95"	16/08/2025	"16,36"	"100,00"
001682	BEEFETER	"132,00"	"902,73"	"993,00"	"19,75"	"79,70"	31/08/2025	"902,73"	"100,00"
001683	SEAGRANS	"123,00"	"839,09"	"923,00"	"18,36"	"98,06"	31/08/2025	"839,09"	"100,00"
001699	Gin Promo	"7,00"	"38,18"	"42,00"	"0,84"	"98,89"	31/08/2025	"38,18"	"100,00"
001775	"SEAGRAMS 0,0"	"8,00"	"50,55"	"55,60"	"1,11"	"100,00"	24/08/2025	"50,55"	"100,00"
	HONESTIDAD								
001287	COMBINADOS HONEST.	"19,00"	"79,45"	"87,40"	"36,81"	"36,81"	26/08/2025	"79,45"	"100,00"
001288	CERVEZA HONEST.	"30,00"	"53,18"	"58,50"	"24,64"	"61,46"	29/08/2025	"53,18"	"100,00"
001289	HONEST. REFRES./ ZUMOS /AGUA	"61,00"	"83,18"	"91,50"	"38,54"	"100,00"	31/08/2025	"83,18"	"100,00"
	TIENDA								
001355	CAFE DE BRASIL 250gr	"1,00"	"7,27"	"8,00"	"9,09"	"9,09"	30/08/2025	"7,27"	"100,00"
001356	CAFÉ DE COLOMBIA 250gr	"3,00"	"21,82"	"24,00"	"27,28"	"36,36"	30/08/2025	"21,82"	"100,00"
001361	CAFE DE MEXICO DESCAFEINADO 250gr	"1,00"	"7,27"	"8,00"	"9,09"	"45,45"	08/08/2025	"7,27"	"100,00"
001362	CAFE DE LA CHANCLA 250gr	"6,00"	"43,64"	"48,00"	"54,55"	"100,00"	30/08/2025	"43,64"	"100,00"
	SUGERENCIAS								
000822	VARIOS	"62,00"	"415,82"	"457,40"	"100,00"	"100,00"	30/08/2025	"415,82"	"100,00"
	Sin Familias								
001937	cortado doble	"8,00"	"0,00"	"0,00"	"0,00"	"0,00"	25/08/2025	"0,00"	"0,00"
001944	Negro	"7,00"	"0,00"	"0,00"	"0,00"	"0,00"	31/08/2025	"0,00"	"0,00"
001952	"Piña, Jengibre..."	"10,00"	"0,00"	"0,00"	"0,00"	"0,00"	26/08/2025	"0,00"	"0,00"
	Sin Familias								
001921	Palo Cortado	"2,00"	"15,45"	"17,00"	"82,62"	"82,62"	28/08/2025	"15,45"	"100,00"
001922	Manzanilla Trinidad	"1,00"	"3,25"	"3,58"	"17,38"	"100,00"	03/08/2025	"3,25"	"100,00"