Código	Descripción	Unidades	Importe Total	Importe Total  I.I.	% Venta	% Acumu.	Fecha Ult.Vta.	Beneficio B.I.	% Ben.
	Sin Familias								
ç		"84,00"	"-378,51"	"-416,36"	"100,00"	"100,00"	31/07/2025	"-378,51"	"100,00"
001758	Boniato Acomp	"237,00"	"0,00"	"0,00"	"0,00"	"100,00"	31/07/2025	"0,00"	"0,00"
	REFRESCOS								
000001	COCACOLA	"712,00"	"1.040,41"	"1.144,45"	"10,54"	"10,54"	31/07/2025	"1.040,41"	"100,00"
000002	FANTA NARANJA	"154,00"	"262,77"	"289,05"	"2,66"	"13,21"	31/07/2025	"262,77"	"100,00"
000003	COLA ZERO	"666,00"	"1.234,82"	"1.358,30"	"12,51"	"25,72"	31/07/2025	"1.234,82"	"100,00"
000005	LIMONADA	"3,00"	"0,00"	"0,00"	"0,00"	"25,72"	21/07/2025	"0,00"	"0,00"
000010	RED BULL	"23,00"	"39,27"	"43,20"	"0,40"	"26,12"	30/07/2025	"39,27"	"100,00"
000011	NESTEA LIMÓN	"135,00"	"276,14"	"303,75"	"2,80"	"28,92"	31/07/2025	"-9.308,86"	"-3.371,11"
000013	NESTEA  MARACUYÁ	"167,00"	"356,77"	"392,45"	"3,62"	"32,54"	31/07/2025	"356,77"	"100,00"
000015	FANTA LIMÓN	"163,00"	"202,95"	"223,25"	"2,06"	"34,59"	31/07/2025	"202,95"	"100,00"
000016	TÓNICA SCHWEPPES	"595,00"	"303,36"	"333,70"	"3,07"	"37,67"	31/07/2025	"303,36"	"100,00"
000018	CASERA	"10,00"	"21,36"	"23,50"	"0,22"	"37,88"	25/07/2025	"21,36"	"100,00"
000020	AQUARIUS LIMÓN	"98,00"	"209,36"	"230,30"	"2,12"	"40,01"	31/07/2025	"209,36"	"100,00"
000022	BITTER ROSSO	"6,00"	"12,82"	"14,10"	"0,13"	"40,14"	28/07/2025	"12,82"	"100,00"
000024	AQUARIUS NARANJA	"52,00"	"111,09"	"122,20"	"1,13"	"41,26"	29/07/2025	"111,09"	"100,00"
000025	AGUA MEDIANA	"1,00"	"0,00"	"0,00"	"0,00"	"41,26"	29/07/2025	"0,00"	"0,00"
000547	ZUMO DE PIÑA	"55,00"	"104,68"	"115,15"	"1,06"	"42,32"	31/07/2025	"104,68"	"100,00"
000548	ZUMO DE MELOCOTÓN	"23,00"	"49,14"	"54,05"	"0,50"	"42,82"	27/07/2025	"49,14"	"100,00"
000549	ZUMO DE TOMATE	"14,00"	"29,91"	"32,90"	"0,30"	"43,12"	28/07/2025	"29,91"	"100,00"
000560	TONICA FEVER	"18,00"	"2,45"	"2,70"	"0,02"	"43,15"	29/07/2025	"2,45"	"100,00"
000567	BATIDO DE CHOCOLATE	"66,00"	"135,00"	"148,50"	"1,37"	"44,52"	31/07/2025	"135,00"	"100,00"
000583	GINGER ALE	"36,00"	"59,82"	"65,80"	"0,61"	"45,12"	30/07/2025	"59,82"	"100,00"
000584	SODA	"3,00"	"0,00"	"0,00"	"0,00"	"45,12"	18/07/2025	"0,00"	"0,00"
000753	AGUA PARA LLEVAR 0.50 L	"589,00"	"1.146,00"	"1.260,60"	"11,61"	"56,74"	31/07/2025	"1.146,00"	"100,00"
001312	COLA ZERO ZERO	"100,00"	"160,23"	"176,25"	"1,62"	"58,36"	30/07/2025	"160,23"	"100,00"
001420	SEVEN UP	"91,00"	"113,23"	"124,55"	"1,15"	"59,51"	31/07/2025	"113,23"	"100,00"
001442	AGUA PERRIER	"2,00"	"0,00"	"0,00"	"0,00"	"59,51"	25/07/2025	"0,00"	"0,00"
001610	Tonica zero	"52,00"	"0,00"	"0,00"	"0,00"	"59,51"	31/07/2025	"0,00"	"0,00"
001791	Bot. Agua Solan Con Gas 33cl	"666,00"	"1.513,64"	"1.665,00"	"15,34"	"74,85"	31/07/2025	"1.513,64"	"100,00"
001792	Bot. Agua Solan 50cl	"1.210,00"	"2.418,00"	"2.659,80"	"24,51"	"99,36"	31/07/2025	"2.418,00"	"100,00"
001837	TÓNICA ZERO SW	"15,00"	"32,05"	"35,25"	"0,32"	"99,68"	31/07/2025	"32,05"	"100,00"
001838	TÓNICA BERRY SW	"11,00"	"23,50"	"25,85"	"0,24"	"99,92"	31/07/2025	"23,50"	"100,00"
001894	Bot. Agua Solan TIEMPO	"4,00"	"8,00"	"8,80"	"0,08"	"100,00"	29/07/2025	"8,00"	"100,00"
001928	PICOTEO!!!	"7,00"	"0,00"	"0,00"	"0,00"	"100,00"	07/07/2025	"0,00"	"0,00"
	TARTAS Y POSTRES								
000719	GOFRE DE AZUCAR	"10,00"	"38,18"	"42,00"	"2,55"	"2,55"	30/07/2025	"38,18"	"100,00"
000743	TARTA DE ZANAHORIA	"24,00"	"151,64"	"166,80"	"10,13"	"12,68"	30/07/2025	"151,64"	"100,00"
000873	TARTA DE CHOCOLATE	"14,00"	"88,45"	"97,30"	"5,91"	"18,59"	30/07/2025	"88,45"	"100,00"
000896	TARTA DE QUESO	"34,00"	"214,82"	"236,30"	"14,35"	"32,95"	31/07/2025	"214,82"	"100,00"
001261	sirope caramelo	"2,00"	"0,00"	"0,00"	"0,00"	"32,95"	18/07/2025	"0,00"	"0,00"
001262	sirope chocolate	"9,00"	"0,00"	"0,00"	"0,00"	"32,95"	30/07/2025	"0,00"	"0,00"
001263	nutella	"52,00"	"0,00"	"0,00"	"0,00"	"32,95"	31/07/2025	"0,00"	"0,00"
001307	leche condensada	"2,00"	"0,00"	"0,00"	"0,00"	"32,95"	15/07/2025	"0,00"	"0,00"
001331	CREPES	"61,00"	"232,91"	"256,20"	"15,56"	"48,51"	31/07/2025	"232,91"	"100,00"
001354	TARTA DE SNIKER	"6,00"	"37,91"	"41,70"	"2,53"	"51,04"	27/07/2025	"37,91"	"100,00"
001371	BROWNIE CLASICO	"56,00"	"353,82"	"389,20"	"23,64"	"74,69"	31/07/2025	"353,82"	"100,00"
001430	BROWNIE LOTUS	"53,00"	"334,86"	"368,35"	"22,37"	"97,06"	30/07/2025	"334,86"	"100,00"
001473	ALMENDRA CROCANTI	"8,00"	"4,36"	"4,80"	"0,29"	"97,35"	31/07/2025	"4,36"	"100,00"
001625	dulce de leche	"3,00"	"0,00"	"0,00"	"0,00"	"97,35"	28/07/2025	"0,00"	"0,00"
001627	nata	"20,00"	"0,00"	"0,00"	"0,00"	"97,35"	30/07/2025	"0,00"	"0,00"
001631	NUECES	"13,00"	"7,09"	"7,80"	"0,47"	"97,83"	28/07/2025	"7,09"	"100,00"
001633	platano	"7,00"	"3,82"	"4,20"	"0,26"	"98,08"	23/07/2025	"3,82"	"100,00"
001634	fresa	"36,00"	"19,64"	"21,60"	"1,31"	"99,39"	31/07/2025	"19,64"	"100,00"
001635	VAINILLA VERACRUZ	"9,00"	"8,18"	"9,00"	"0,55"	"99,94"	23/07/2025	"8,18"	"100,00"
001652	SIROPE EXTRA	"1,00"	"0,91"	"1,00"	"0,06"	"100,00"	13/07/2025	"0,91"	"100,00"
	COMIDAS Y SNACKS								
000092	ENSALADA CESAR	"136,00"	"1.724,73"	"1.897,20"	"3,96"	"3,96"	31/07/2025	"1.724,73"	"100,00"
000093	ENSALADA CABRA	"130,00"	"1.648,64"	"1.813,50"	"3,78"	"7,74"	31/07/2025	"1.648,64"	"100,00"
000095	ENSALADA TEMPLADA	"60,00"	"815,45"	"897,00"	"1,87"	"9,61"	31/07/2025	"815,45"	"100,00"
000097	Ingrediente Extra	"8,00"	"7,27"	"8,00"	"0,02"	"9,63"	23/07/2025	"7,27"	"100,00"
000100	SANDWICH CLUB	"233,00"	"2.743,05"	"3.017,35"	"6,29"	"15,92"	31/07/2025	"2.743,05"	"100,00"
000103	POLLO TIKA MASSALA	"102,00"	"1.159,09"	"1.275,00"	"2,66"	"18,58"	31/07/2025	"1.159,09"	"100,00"
000106	MINI-TORTILLA	"113,00"	"713,95"	"785,35"	"1,64"	"20,22"	31/07/2025	"713,95"	"100,00"
000108	MENU INFANTIL	"95,00"	"734,09"	"807,50"	"1,68"	"21,90"	30/07/2025	"734,09"	"100,00"
000109	BURGUER LA CHANCLA	"221,00"	"2.802,68"	"3.082,95"	"6,43"	"28,33"	31/07/2025	"2.802,68"	"100,00"
000111	PETIT FOIE	"49,00"	"398,68"	"438,55"	"0,91"	"29,25"	31/07/2025	"398,68"	"100,00"
000114	SANDWICH VEGANO	"41,00"	"333,59"	"366,95"	"0,77"	"30,01"	31/07/2025	"333,59"	"100,00"
000121	"HUEVOS, PATATAS, SETAS TRUFA"	"59,00"	"748,23"	"823,05"	"1,72"	"31,73"	30/07/2025	"748,23"	"100,00"
000656	BRAVAS	"193,00"	"1.745,77"	"1.920,35"	"4,01"	"35,73"	31/07/2025	"1.745,77"	"100,00"
000727	WOK  POLLO	"182,00"	"2.308,09"	"2.538,90"	"5,30"	"41,03"	31/07/2025	"2.308,09"	"100,00"
000769	TATAKI DE ATÚN	"63,00"	"1.085,32"	"1.193,85"	"2,49"	"43,52"	31/07/2025	"1.085,32"	"100,00"
000771	MINI-BURGUER CASERA TERNERA	"178,00"	"1.124,64"	"1.237,10"	"2,58"	"46,10"	31/07/2025	"1.124,64"	"100,00"
000772	CROQUETAS	"135,00"	"1.589,32"	"1.748,25"	"3,65"	"49,75"	31/07/2025	"1.589,32"	"100,00"
000876	ENSALADILLA RUSA	"123,00"	"1.448,05"	"1.592,85"	"3,32"	"53,07"	31/07/2025	"1.448,05"	"100,00"
001200	TARTAR DE ATUN ROJO	"78,00"	"1.201,91"	"1.322,10"	"2,76"	"55,83"	31/07/2025	"1.201,91"	"100,00"
001214	PAN	"93,00"	"59,18"	"65,10"	"0,14"	"55,96"	31/07/2025	"59,18"	"100,00"
001242	PIMIENTOS DEL PADRON	"77,00"	"486,50"	"535,15"	"1,12"	"57,08"	31/07/2025	"486,50"	"100,00"
001243	SOPA FRIA	"22,00"	"179,00"	"196,90"	"0,41"	"57,49"	31/07/2025	"179,00"	"100,00"
001257	salsa casera	"109,00"	"49,55"	"54,50"	"0,11"	"57,60"	31/07/2025	"49,55"	"100,00"
001259	arroz extra	"7,00"	"19,09"	"21,00"	"0,04"	"57,65"	28/07/2025	"19,09"	"100,00"
001264	ensalada extra	"13,00"	"23,64"	"26,00"	"0,05"	"57,70"	28/07/2025	"23,64"	"100,00"
001343	patatas extra	"55,00"	"150,00"	"165,00"	"0,34"	"58,05"	30/07/2025	"150,00"	"100,00"
001386	ENSALADA REFRESCANTE	"111,00"	"1.407,68"	"1.548,45"	"3,23"	"61,28"	31/07/2025	"1.407,68"	"100,00"
001389	WOK SALMON	"91,00"	"1.236,77"	"1.360,45"	"2,84"	"64,11"	31/07/2025	"1.236,77"	"100,00"
001506	MAYONESA	"98,00"	"17,64"	"19,40"	"0,04"	"64,15"	31/07/2025	"17,64"	"100,00"
001511	KETCHUP	"16,00"	"5,82"	"6,40"	"0,01"	"64,17"	31/07/2025	"5,82"	"100,00"
001601	nachos	"58,00"	"0,00"	"0,00"	"0,00"	"64,17"	30/07/2025	"0,00"	"0,00"
001613	patatas baston	"535,00"	"0,00"	"0,00"	"0,00"	"64,17"	31/07/2025	"0,00"	"0,00"
001617	WOK VEGANO	"42,00"	"400,91"	"441,00"	"0,92"	"65,09"	29/07/2025	"400,91"	"100,00"
001649	NUTELLA	"62,00"	"55,45"	"61,00"	"0,13"	"65,21"	31/07/2025	"55,45"	"100,00"
001660	NACHOS GOURMET	"192,00"	"2.181,82"	"2.400,00"	"5,01"	"70,22"	31/07/2025	"2.181,82"	"100,00"
001711	CRISPY CHICKEN	"157,00"	"1.420,14"	"1.562,15"	"3,26"	"73,48"	31/07/2025	"1.420,14"	"100,00"
001768	COSTILLA DE CERDO	"54,00"	"783,00"	"861,30"	"1,80"	"75,27"	31/07/2025	"783,00"	"100,00"
001798	REBANÁ	"64,00"	"578,91"	"636,80"	"1,33"	"76,60"	30/07/2025	"578,91"	"100,00"
001799	POLLO CAJÚN	"175,00"	"1.582,95"	"1.741,25"	"3,63"	"80,23"	31/07/2025	"1.582,95"	"100,00"
001800	BASTONES DE BONIATO	"160,00"	"1.156,36"	"1.272,00"	"2,65"	"82,89"	31/07/2025	"1.156,36"	"100,00"
001802	CUBIERTA DE CHEDAR	"26,00"	"35,45"	"39,00"	"0,08"	"82,97"	31/07/2025	"35,45"	"100,00"
001803	HUEVO FRITO BURGUER	"37,00"	"50,45"	"55,50"	"0,12"	"83,08"	29/07/2025	"50,45"	"100,00"
001804	LOMO ALTO	"86,00"	"1.637,91"	"1.801,70"	"3,76"	"86,84"	30/07/2025	"1.637,91"	"100,00"
001805	PESCADO PLANCHA	"141,00"	"2.044,50"	"2.248,95"	"4,69"	"91,53"	31/07/2025	"2.044,50"	"100,00"
001813	SUG_2 10.95	"15,00"	"149,32"	"164,25"	"0,34"	"91,88"	10/07/2025	"149,32"	"100,00"
001815	SUG_4 12.95	"112,00"	"1.319,45"	"1.451,40"	"3,03"	"94,90"	31/07/2025	"1.319,45"	"100,00"
001816	SUG_5 13.95	"13,00"	"164,86"	"181,35"	"0,38"	"95,28"	31/07/2025	"164,86"	"100,00"
001817	SUG_6 14.95	"86,00"	"1.168,82"	"1.285,70"	"2,68"	"97,96"	31/07/2025	"1.168,82"	"100,00"
001818	SUG_7 15.95	"30,00"	"435,00"	"478,50"	"1,00"	"98,96"	30/07/2025	"435,00"	"100,00"
001822	Mayonesa Acomp.	"310,00"	"0,00"	"0,00"	"0,00"	"98,96"	31/07/2025	"0,00"	"0,00"
001823	Ketchup Acomp.	"267,00"	"0,00"	"0,00"	"0,00"	"98,96"	31/07/2025	"0,00"	"0,00"
001824	Guacamole Acomp	"149,00"	"0,00"	"0,00"	"0,00"	"98,96"	31/07/2025	"0,00"	"0,00"
001825	S Brava Acomp	"6,00"	"0,00"	"0,00"	"0,00"	"98,96"	25/07/2025	"0,00"	"0,00"
001826	S. Mayo-Miel Acomp.	"6,00"	"0,00"	"0,00"	"0,00"	"98,96"	30/07/2025	"0,00"	"0,00"
001827	Salsa 2.0 Acomp.	"1,00"	"0,00"	"0,00"	"0,00"	"98,96"	07/07/2025	"0,00"	"0,00"
001832	SUG_9 17.95	"27,00"	"440,59"	"484,65"	"1,01"	"99,97"	31/07/2025	"440,59"	"100,00"
001897	barbacoa acomp	"31,00"	"0,00"	"0,00"	"0,00"	"99,97"	31/07/2025	"0,00"	"0,00"
001898	Teriyaki acomp	"22,00"	"0,00"	"0,00"	"0,00"	"99,97"	30/07/2025	"0,00"	"0,00"
001901	Arroz acomp	"122,00"	"0,00"	"0,00"	"0,00"	"99,97"	31/07/2025	"0,00"	"0,00"
001902	Noodles acomp	"196,00"	"0,00"	"0,00"	"0,00"	"99,97"	31/07/2025	"0,00"	"0,00"
001903	Bolsa	"8,00"	"0,73"	"0,80"	"0,00"	"99,97"	24/07/2025	"0,73"	"100,00"
001904	Take Grande	"14,00"	"5,09"	"5,60"	"0,01"	"99,99"	31/07/2025	"5,09"	"100,00"
001905	Take pequeño	"35,00"	"6,36"	"7,00"	"0,01"	"100,00"	30/07/2025	"6,36"	"100,00"
001906	Poco hecho	"8,00"	"0,00"	"0,00"	"0,00"	"100,00"	30/07/2025	"0,00"	"0,00"
001907	Punto menos	"12,00"	"0,00"	"0,00"	"0,00"	"100,00"	27/07/2025	"0,00"	"0,00"
001908	Al Punto	"43,00"	"0,00"	"0,00"	"0,00"	"100,00"	30/07/2025	"0,00"	"0,00"
001909	Punto Más	"12,00"	"0,00"	"0,00"	"0,00"	"100,00"	29/07/2025	"0,00"	"0,00"
001910	Muy Hecho	"8,00"	"0,00"	"0,00"	"0,00"	"100,00"	28/07/2025	"0,00"	"0,00"
001911	Pollo empanado	"67,00"	"0,00"	"0,00"	"0,00"	"100,00"	30/07/2025	"0,00"	"0,00"
001912	Pollo plancha	"21,00"	"0,00"	"0,00"	"0,00"	"100,00"	30/07/2025	"0,00"	"0,00"
001913	Patatas fritas	"69,00"	"0,00"	"0,00"	"0,00"	"100,00"	30/07/2025	"0,00"	"0,00"
001914	Arroz	"23,00"	"0,00"	"0,00"	"0,00"	"100,00"	30/07/2025	"0,00"	"0,00"
001943	CUBIERTOS_PLAYA	"38,00"	"0,00"	"0,00"	"0,00"	"100,00"	24/07/2025	"0,00"	"0,00"
	CERVEZAS								
000129	MAHOU 33CL	"757,00"	"2.271,00"	"2.498,10"	"14,72"	"14,72"	31/07/2025	"2.271,00"	"100,00"
000131	CORONITAS	"251,00"	"844,27"	"928,70"	"5,47"	"20,19"	31/07/2025	"844,27"	"100,00"
000147	SAN MIGUEL 00	"85,00"	"247,27"	"272,00"	"1,60"	"21,79"	31/07/2025	"247,27"	"100,00"
000578	SAN MIGUEL ESPECIAL	"73,00"	"212,36"	"233,60"	"1,38"	"23,17"	29/07/2025	"212,36"	"100,00"
000630	PACK ALHAMBRA	"54,00"	"417,27"	"459,00"	"2,70"	"25,87"	31/07/2025	"417,27"	"100,00"
000631	PACK MAHOU	"52,00"	"401,82"	"442,00"	"2,60"	"28,47"	31/07/2025	"401,82"	"100,00"
000754	CAÑITA 5 ESTRELLAS	"1.525,00"	"3.673,86"	"4.041,25"	"23,81"	"52,28"	31/07/2025	"3.673,86"	"100,00"
000755	JARRA 5 ESTRELLAS	"680,00"	"2.781,82"	"3.060,00"	"18,03"	"70,30"	31/07/2025	"2.781,82"	"100,00"
000825	CLARA LIMON	"64,00"	"140,17"	"169,60"	"0,91"	"71,21"	31/07/2025	"140,17"	"100,00"
000826	CLARA CASERA	"4,00"	"7,27"	"8,80"	"0,05"	"71,26"	31/07/2025	"7,27"	"100,00"
001218	MAESTRA 33CL	"21,00"	"76,36"	"84,00"	"0,49"	"71,76"	31/07/2025	"76,36"	"100,00"
001313	MAHOU SIN GLUTEN	"43,00"	"136,82"	"150,50"	"0,89"	"72,64"	29/07/2025	"136,82"	"100,00"
001319	CAÑA MAESTRA	"78,00"	"226,91"	"249,60"	"1,47"	"74,11"	30/07/2025	"226,91"	"100,00"
001320	JARRA MAESTRA	"10,00"	"50,00"	"55,00"	"0,32"	"74,44"	31/07/2025	"50,00"	"100,00"
001444	RADLER MAHOU	"90,00"	"241,36"	"265,50"	"1,56"	"76,00"	31/07/2025	"241,36"	"100,00"
001459	CAÑA SIN	"0,00"	"0,00"	"0,00"	"0,00"	"76,00"	11/07/2025	"0,00"	"0,00"
001481	SAN MIGUEL MAGNA	"3,00"	"8,73"	"9,60"	"0,06"	"76,06"	25/07/2025	"8,73"	"100,00"
001597	San Miguel 0.0	"61,00"	"177,45"	"195,20"	"1,15"	"77,21"	31/07/2025	"177,45"	"100,00"
001643	JARRA CLARA	"17,00"	"69,55"	"76,50"	"0,45"	"77,66"	27/07/2025	"69,55"	"100,00"
001662	STELLA ARTOIS	"55,00"	"147,50"	"162,25"	"0,96"	"78,61"	29/07/2025	"147,50"	"100,00"
001663	ALHAMBRA 1925	"698,00"	"2.344,45"	"2.578,90"	"15,19"	"93,80"	31/07/2025	"2.344,45"	"100,00"
001664	BUDWAISER	"47,00"	"149,55"	"164,50"	"0,97"	"94,77"	30/07/2025	"149,55"	"100,00"
001665	MAHOU IPA	"5,00"	"20,45"	"22,50"	"0,13"	"94,91"	25/07/2025	"20,45"	"100,00"
001666	FRANZISKANER 	"10,00"	"40,91"	"45,00"	"0,27"	"95,17"	26/07/2025	"40,91"	"100,00"
001667	LEFFE BLONDE	"8,00"	"32,73"	"36,00"	"0,21"	"95,38"	26/07/2025	"32,73"	"100,00"
001697	Caña Llevar	"15,00"	"42,27"	"46,50"	"0,27"	"95,66"	23/07/2025	"42,27"	"100,00"
001808	"MAHOU 0,0 TOSTADA"	"226,00"	"657,45"	"723,20"	"4,26"	"99,92"	31/07/2025	"657,45"	"100,00"
001820	MAHOU SIN FILTRAR	"4,00"	"12,73"	"14,00"	"0,08"	"100,00"	23/07/2025	"12,73"	"100,00"
	CAFES E INFUSIONES								
000148	ESPRESSO	"218,00"	"396,36"	"436,00"	"4,04"	"4,04"	31/07/2025	"396,36"	"100,00"
000149	CAFÉ CON LECHE	"1.708,00"	"3.709,18"	"4.080,10"	"37,78"	"41,82"	31/07/2025	"3.709,18"	"100,00"
000150	ESPRESSO MACCHIATO	"21,00"	"42,00"	"46,20"	"0,43"	"42,24"	31/07/2025	"42,00"	"100,00"
000151	CAFÉ HIELO BAYLEIS	"78,00"	"195,00"	"214,50"	"1,99"	"44,23"	31/07/2025	"195,00"	"100,00"
000153	CAPPUCCINO ITALIANO	"292,00"	"690,18"	"759,20"	"7,03"	"51,26"	31/07/2025	"690,18"	"100,00"
000155	COLA CAO	"102,00"	"183,64"	"202,00"	"1,87"	"53,13"	31/07/2025	"183,64"	"100,00"
000156	TÉ	"141,00"	"320,45"	"352,50"	"3,26"	"56,39"	31/07/2025	"320,45"	"100,00"
000157	MENTA POLEO	"11,00"	"22,73"	"25,00"	"0,23"	"56,63"	29/07/2025	"22,73"	"100,00"
000159	MANZANILLA	"19,00"	"43,18"	"47,50"	"0,44"	"57,07"	30/07/2025	"43,18"	"100,00"
000160	leche soja	"87,00"	"2,36"	"2,60"	"0,02"	"57,09"	30/07/2025	"2,36"	"100,00"
000164	TÉ EN LECHE	"13,00"	"33,09"	"36,40"	"0,34"	"57,43"	30/07/2025	"33,09"	"100,00"
000165	TÉ CON CANELA	"4,00"	"10,73"	"11,80"	"0,11"	"57,54"	27/07/2025	"10,73"	"100,00"
000166	TÉ CON LIMÓN	"6,00"	"12,00"	"13,20"	"0,12"	"57,66"	26/07/2025	"12,00"	"100,00"
000167	TÉ CON LECHE	"26,00"	"69,73"	"76,70"	"0,71"	"58,37"	31/07/2025	"69,73"	"100,00"
000168	CHOCOLATE SUIZO	"2,00"	"5,64"	"6,20"	"0,06"	"58,43"	14/07/2025	"5,64"	"100,00"
000170	CAFÉ CON HIELO	"310,00"	"648,18"	"713,00"	"6,60"	"65,03"	31/07/2025	"648,18"	"100,00"
000171	CORTADO	"159,00"	"303,55"	"333,90"	"3,09"	"68,12"	31/07/2025	"303,55"	"100,00"
000173	TAZA DE LECHE	"29,00"	"44,82"	"49,30"	"0,46"	"68,58"	30/07/2025	"44,82"	"100,00"
000174	CHOCOLATE	"6,00"	"16,36"	"18,00"	"0,17"	"68,74"	19/07/2025	"16,36"	"100,00"
000175	CARAJILLO	"18,00"	"47,45"	"52,20"	"0,48"	"69,23"	30/07/2025	"47,45"	"100,00"
000176	AMERICANO	"202,00"	"358,18"	"394,00"	"3,65"	"72,87"	31/07/2025	"358,18"	"100,00"
000528	SHAKERATO	"14,00"	"38,18"	"42,00"	"0,39"	"73,26"	31/07/2025	"38,18"	"100,00"
000529	LATTE MACCHIATO ACARAMELADO	"27,00"	"88,36"	"97,20"	"0,90"	"74,16"	31/07/2025	"88,36"	"100,00"
000530	SHAKERATO CON BAILEYS	"16,00"	"53,82"	"59,20"	"0,55"	"74,71"	28/07/2025	"53,82"	"100,00"
000531	LATTE MACCHIATO ACHOCOLATADO	"10,00"	"32,73"	"36,00"	"0,33"	"75,04"	26/07/2025	"32,73"	"100,00"
000532	ICED CAFÉ	"61,00"	"241,23"	"265,35"	"2,46"	"77,50"	29/07/2025	"241,23"	"100,00"
000534	LATTE MACCHIATO ALMENDRADO	"1,00"	"3,27"	"3,60"	"0,03"	"77,53"	23/07/2025	"3,27"	"100,00"
000535	LATTE MACCHIATO	"77,00"	"211,36"	"232,50"	"2,15"	"79,69"	31/07/2025	"211,36"	"100,00"
000539	DELUXE	"1,00"	"4,50"	"4,95"	"0,05"	"79,73"	21/07/2025	"4,50"	"100,00"
000671	leche sin lactosa	"149,00"	"0,00"	"0,00"	"0,00"	"79,73"	31/07/2025	"0,00"	"0,00"
000782	descafeinado	"87,00"	"0,00"	"0,00"	"0,00"	"79,73"	31/07/2025	"0,00"	"0,00"
001212	TÉ MORUNO	"15,00"	"34,86"	"38,35"	"0,36"	"80,09"	29/07/2025	"34,86"	"100,00"
001249	VIENES	"3,00"	"6,82"	"7,50"	"0,07"	"80,16"	26/07/2025	"6,82"	"100,00"
001250	BOMBON	"26,00"	"59,09"	"65,00"	"0,60"	"80,76"	30/07/2025	"59,09"	"100,00"
001252	CAPPUCCION VIENESSE	"10,00"	"25,45"	"28,00"	"0,26"	"81,02"	31/07/2025	"25,45"	"100,00"
001254	DIABLO VIENESSE	"2,00"	"5,09"	"5,60"	"0,05"	"81,07"	28/07/2025	"5,09"	"100,00"
001255	CAPPUCCINO INFANTIL	"4,00"	"12,73"	"14,00"	"0,13"	"81,20"	23/07/2025	"12,73"	"100,00"
001265	DESCAF. SOBRE	"39,00"	"78,00"	"85,80"	"0,79"	"81,99"	31/07/2025	"78,00"	"100,00"
001291	TE AMERICANO	"4,00"	"10,73"	"11,80"	"0,11"	"82,10"	25/07/2025	"10,73"	"100,00"
001467	BOWL LECHE	"10,00"	"13,91"	"15,30"	"0,14"	"82,25"	29/07/2025	"13,91"	"100,00"
001555	descafeinado	"356,00"	"0,00"	"0,00"	"0,00"	"82,25"	31/07/2025	"0,00"	"0,00"
001556	hielo	"105,00"	"19,09"	"21,00"	"0,19"	"82,44"	31/07/2025	"19,09"	"100,00"
001642	RISTRETTO	"11,00"	"20,00"	"22,00"	"0,20"	"82,64"	29/07/2025	"20,00"	"100,00"
001687	BOMBON DOBLE	"12,00"	"29,00"	"31,90"	"0,30"	"82,94"	31/07/2025	"29,00"	"100,00"
001764	BOWL AVENA	"1,00"	"1,64"	"1,80"	"0,02"	"82,96"	24/07/2025	"1,64"	"100,00"
001765	L. avena	"214,00"	"6,82"	"7,50"	"0,07"	"83,03"	31/07/2025	"6,82"	"100,00"
001794	ESPRESO DOBLE	"124,00"	"275,00"	"302,50"	"2,80"	"85,83"	31/07/2025	"275,00"	"100,00"
001831	Extra Alcohol	"5,00"	"3,86"	"4,25"	"0,04"	"85,87"	30/07/2025	"3,86"	"100,00"
001835	LECHE Y LECHE	"29,00"	"71,18"	"78,30"	"0,72"	"86,59"	25/07/2025	"71,18"	"100,00"
001836	CORTADO DOBLE	"151,00"	"352,18"	"387,40"	"3,59"	"90,18"	31/07/2025	"352,18"	"100,00"
001864	"CAFE, HIELO Y LECHE"	"409,00"	"964,36"	"1.060,80"	"9,82"	"100,00"	31/07/2025	"964,36"	"100,00"
001925	Sale	"165,00"	"0,00"	"0,00"	"0,00"	"100,00"	31/07/2025	"0,00"	"0,00"
001930	Nube	"193,00"	"0,00"	"0,00"	"0,00"	"100,00"	31/07/2025	"0,00"	"0,00"
001931	Sombra	"151,00"	"0,00"	"0,00"	"0,00"	"100,00"	31/07/2025	"0,00"	"0,00"
001932	Mitad	"1.219,00"	"0,00"	"0,00"	"0,00"	"100,00"	31/07/2025	"0,00"	"0,00"
001933	Largo	"57,00"	"0,00"	"0,00"	"0,00"	"100,00"	29/07/2025	"0,00"	"0,00"
001934	DOBLE	"61,00"	"0,00"	"0,00"	"0,00"	"100,00"	31/07/2025	"0,00"	"0,00"
001935	AMERICANO	"13,00"	"0,00"	"0,00"	"0,00"	"100,00"	22/07/2025	"0,00"	"0,00"
001945	Verde	"37,00"	"0,00"	"0,00"	"0,00"	"100,00"	31/07/2025	"0,00"	"0,00"
001946	Supremo	"2,00"	"0,00"	"0,00"	"0,00"	"100,00"	14/07/2025	"0,00"	"0,00"
001947	Oolong	"1,00"	"0,00"	"0,00"	"0,00"	"100,00"	12/07/2025	"0,00"	"0,00"
001948	English Breakfast	"5,00"	"0,00"	"0,00"	"0,00"	"100,00"	27/07/2025	"0,00"	"0,00"
001949	Groundpowder	"6,00"	"0,00"	"0,00"	"0,00"	"100,00"	27/07/2025	"0,00"	"0,00"
001950	Earl Gray	"9,00"	"0,00"	"0,00"	"0,00"	"100,00"	31/07/2025	"0,00"	"0,00"
001951	Pakistaní Supremo	"11,00"	"0,00"	"0,00"	"0,00"	"100,00"	31/07/2025	"0,00"	"0,00"
001953	Galleta y Especias	"5,00"	"0,00"	"0,00"	"0,00"	"100,00"	21/07/2025	"0,00"	"0,00"
001954	Chai	"10,00"	"0,00"	"0,00"	"0,00"	"100,00"	30/07/2025	"0,00"	"0,00"
001955	Caramelo y nueces	"3,00"	"0,00"	"0,00"	"0,00"	"100,00"	23/07/2025	"0,00"	"0,00"
001956	Ayurveda	"8,00"	"0,00"	"0,00"	"0,00"	"100,00"	30/07/2025	"0,00"	"0,00"
001957	Canto del Lama	"4,00"	"0,00"	"0,00"	"0,00"	"100,00"	24/07/2025	"0,00"	"0,00"
001958	Rooibos Pakistani	"5,00"	"0,00"	"0,00"	"0,00"	"100,00"	28/07/2025	"0,00"	"0,00"
001959	Rooibos Manzana Canela	"9,00"	"0,00"	"0,00"	"0,00"	"100,00"	28/07/2025	"0,00"	"0,00"
001960	Rooibos Naranja Choco	"2,00"	"0,00"	"0,00"	"0,00"	"100,00"	28/07/2025	"0,00"	"0,00"
001961	Suspiro	"2,00"	"0,00"	"0,00"	"0,00"	"100,00"	25/07/2025	"0,00"	"0,00"
	DESAYUNOS								
001224	americano	"43,00"	"0,00"	"0,00"	"0,00"	"0,00"	31/07/2025	"0,00"	"0,00"
001225	cortado	"28,00"	"0,00"	"0,00"	"0,00"	"0,00"	31/07/2025	"0,00"	"0,00"
001462	CHOCAPIC	"13,00"	"16,00"	"17,60"	"0,17"	"0,17"	31/07/2025	"16,00"	"100,00"
001463	BOWL YOGURT	"66,00"	"112,73"	"124,00"	"1,20"	"1,38"	31/07/2025	"112,73"	"100,00"
001464	BOWL SOJA	"1,00"	"1,64"	"1,80"	"0,02"	"1,39"	28/07/2025	"1,64"	"100,00"
001468	FLAKES	"15,00"	"18,91"	"20,80"	"0,20"	"1,60"	31/07/2025	"18,91"	"100,00"
001472	PIPAS	"7,00"	"2,55"	"2,80"	"0,03"	"1,62"	30/07/2025	"2,55"	"100,00"
001479	MIX DE FRUTAS	"23,00"	"10,00"	"11,00"	"0,11"	"1,73"	31/07/2025	"10,00"	"100,00"
001486	CROISSANT	"228,00"	"448,00"	"492,80"	"4,79"	"6,52"	31/07/2025	"448,00"	"100,00"
001487	RUSTICO	"693,00"	"935,45"	"1.029,00"	"10,00"	"16,51"	31/07/2025	"935,45"	"100,00"
001488	MULTICEREAL	"830,00"	"1.192,73"	"1.312,00"	"12,75"	"29,26"	31/07/2025	"1.192,73"	"100,00"
001489	MOLLETE	"470,00"	"632,73"	"696,00"	"6,76"	"36,02"	31/07/2025	"632,73"	"100,00"
001490	SIN GLUTEN	"51,00"	"92,73"	"102,00"	"0,99"	"37,01"	31/07/2025	"92,73"	"100,00"
001491	MOLDE GRUESO	"69,00"	"112,91"	"124,20"	"1,21"	"38,22"	31/07/2025	"112,91"	"100,00"
001493	ATÚN	"88,00"	"80,00"	"88,00"	"0,85"	"39,08"	30/07/2025	"80,00"	"100,00"
001494	YORK	"77,00"	"48,36"	"53,20"	"0,52"	"39,59"	31/07/2025	"48,36"	"100,00"
001495	JAMÓN IBÉRICO	"339,00"	"752,27"	"827,50"	"8,04"	"47,63"	31/07/2025	"752,27"	"100,00"
001496	BACÓN	"69,00"	"50,18"	"55,20"	"0,54"	"48,17"	31/07/2025	"50,18"	"100,00"
001497	GOUDA	"181,00"	"130,18"	"143,20"	"1,39"	"49,56"	31/07/2025	"130,18"	"100,00"
001498	LOMO AL HORNO	"74,00"	"74,00"	"81,40"	"0,79"	"50,35"	31/07/2025	"74,00"	"100,00"
001499	HUEVO PLANCHA 1H	"197,00"	"176,36"	"194,00"	"1,88"	"52,24"	31/07/2025	"176,36"	"100,00"
001500	YORK + QUESO	"300,00"	"327,27"	"360,00"	"3,50"	"55,73"	31/07/2025	"327,27"	"100,00"
001501	LECHUGA	"115,00"	"10,18"	"11,20"	"0,11"	"55,84"	31/07/2025	"10,18"	"100,00"
001502	CEBOLLA	"44,00"	"7,64"	"8,40"	"0,08"	"55,92"	31/07/2025	"7,64"	"100,00"
001503	TOMATE	"363,00"	"97,36"	"107,10"	"1,04"	"56,96"	31/07/2025	"97,36"	"100,00"
001504	AGUACATE	"450,00"	"357,55"	"393,30"	"3,82"	"60,79"	31/07/2025	"357,55"	"100,00"
001505	ACEITE	"1.241,00"	"559,55"	"615,50"	"5,98"	"66,77"	31/07/2025	"559,55"	"100,00"
001507	EMULSION TOMATE	"950,00"	"427,27"	"470,00"	"4,57"	"71,33"	31/07/2025	"427,27"	"100,00"
001508	MANTEQUILLA	"474,00"	"212,27"	"233,50"	"2,27"	"73,60"	31/07/2025	"212,27"	"100,00"
001510	MIEL	"37,00"	"19,64"	"21,60"	"0,21"	"73,81"	31/07/2025	"19,64"	"100,00"
001512	CHERRY	"4,00"	"1,09"	"1,20"	"0,01"	"73,82"	29/07/2025	"1,09"	"100,00"
001516	HUEVO PLANCHA 2H	"26,00"	"59,09"	"65,00"	"0,63"	"74,45"	28/07/2025	"59,09"	"100,00"
001517	REVUELTO 2H	"105,00"	"234,09"	"257,50"	"2,50"	"76,95"	31/07/2025	"234,09"	"100,00"
001518	TORTILLA  2H	"117,00"	"265,91"	"292,50"	"2,84"	"79,80"	31/07/2025	"265,91"	"100,00"
001528	QUESO FRESCO	"123,00"	"96,55"	"106,20"	"1,03"	"80,83"	31/07/2025	"96,55"	"100,00"
001590	UNIVERSAL	"121,00"	"432,73"	"476,00"	"4,62"	"85,45"	31/07/2025	"432,73"	"100,00"
001636	COUNTRY STORE	"20,00"	"29,09"	"32,00"	"0,31"	"85,76"	31/07/2025	"29,09"	"100,00"
001715	PAVO	"137,00"	"110,45"	"121,50"	"1,18"	"86,94"	31/07/2025	"110,45"	"100,00"
001739	BACON + QUESO	"147,00"	"170,18"	"187,20"	"1,82"	"88,76"	31/07/2025	"170,18"	"100,00"
001740	PAVO+QUESO	"142,00"	"164,27"	"180,70"	"1,76"	"90,52"	31/07/2025	"164,27"	"100,00"
001741	MERMELADA	"120,00"	"31,91"	"35,10"	"0,34"	"90,86"	31/07/2025	"31,91"	"100,00"
001784	TORTILLA 1H	"62,00"	"83,18"	"91,50"	"0,89"	"91,75"	31/07/2025	"83,18"	"100,00"
001785	REVUELTO 1H	"25,00"	"34,09"	"37,50"	"0,36"	"92,11"	31/07/2025	"34,09"	"100,00"
001786	Pan Rodaja	"32,00"	"17,45"	"19,20"	"0,19"	"92,30"	31/07/2025	"17,45"	"100,00"
001787	BOWL DE FRUTA	"66,00"	"288,00"	"316,80"	"3,08"	"95,38"	31/07/2025	"288,00"	"100,00"
001788	SIROPE CARAMELO	"6,00"	"4,55"	"5,00"	"0,05"	"95,43"	31/07/2025	"4,55"	"100,00"
001790	SIROPE FRESA	"1,00"	"0,91"	"1,00"	"0,01"	"95,44"	12/07/2025	"0,91"	"100,00"
001806	INTEGRAL	"174,00"	"189,82"	"208,80"	"2,03"	"97,46"	31/07/2025	"189,82"	"100,00"
001807	JAMÓN SERRANO	"261,00"	"237,27"	"261,00"	"2,54"	"100,00"	31/07/2025	"237,27"	"100,00"
001915	Montada	"1,00"	"0,00"	"0,00"	"0,00"	"100,00"	02/07/2025	"0,00"	"0,00"
001938	Fresa	"53,00"	"0,00"	"0,00"	"0,00"	"100,00"	31/07/2025	"0,00"	"0,00"
001939	Melocotón	"37,00"	"0,00"	"0,00"	"0,00"	"100,00"	31/07/2025	"0,00"	"0,00"
	HAMACAS								
000211	HAMACA 	"1.995,00"	"11.541,32"	"13.965,00"	"53,40"	"53,40"	31/07/2025	"11.541,32"	"100,00"
000212	CAMA 1/2 DIA	"57,00"	"1.319,01"	"1.596,00"	"6,10"	"59,50"	30/07/2025	"1.319,01"	"100,00"
000213	CAMA 1 DIA	"160,00"	"4.628,10"	"5.600,00"	"21,41"	"80,92"	31/07/2025	"4.628,10"	"100,00"
001849	SOMBRILLA 	"998,00"	"4.123,97"	"4.990,00"	"19,08"	"100,00"	31/07/2025	"4.123,97"	"100,00"
	BRANDIES Y COGNACS								
000217	MAGNO	"2,00"	"11,82"	"13,00"	"66,67"	"66,67"	12/07/2025	"11,82"	"100,00"
000225	TORRES 5	"1,00"	"5,91"	"6,50"	"33,33"	"100,00"	10/07/2025	"5,91"	"100,00"
000909	BOTELLA MAGNO	"0,35"	"0,00"	"0,00"	"0,00"	"100,00"	12/07/2025	"0,00"	"0,00"
000916	BOTELLA TORRES 5	"0,18"	"0,00"	"0,00"	"0,00"	"100,00"	10/07/2025	"0,00"	"0,00"
	VINOS Y CAVAS								
000229	TINTO DE VERANO	"569,00"	"1.525,95"	"1.678,55"	"17,08"	"17,08"	31/07/2025	"1.525,95"	"100,00"
000232	JUVE Y CAMPS BOTELLA	"13,00"	"271,82"	"299,00"	"3,04"	"20,13"	28/07/2025	"271,82"	"100,00"
000242	JUVE Y CAMPS COPA	"61,00"	"219,05"	"240,95"	"2,45"	"22,58"	31/07/2025	"219,05"	"100,00"
000792	SANGRIA PEQUEÑA	"114,00"	"409,36"	"450,30"	"4,58"	"27,16"	31/07/2025	"409,36"	"100,00"
000793	SANGRIA JARRA	"182,00"	"782,15"	"946,40"	"8,76"	"35,92"	31/07/2025	"782,15"	"100,00"
000892	BOTANI ESPUMOSO	"10,00"	"172,73"	"190,00"	"1,93"	"37,85"	31/07/2025	"172,73"	"100,00"
001317	BOTELLA SEIS+SEIS	"1,00"	"20,00"	"22,00"	"0,22"	"38,08"	07/07/2025	"20,00"	"100,00"
001318	SEIS+SEIS COPA	"30,00"	"105,00"	"115,50"	"1,18"	"39,25"	30/07/2025	"105,00"	"100,00"
001394	JARRA TINTO DE VERANO	"185,00"	"706,36"	"777,00"	"7,91"	"47,16"	31/07/2025	"706,36"	"100,00"
001482	COPA ZUMBRAL	"5,00"	"17,27"	"19,00"	"0,19"	"47,35"	09/07/2025	"17,27"	"100,00"
001621	COPA BOTANI ESPUMOSO	"25,00"	"88,64"	"97,50"	"0,99"	"48,34"	29/07/2025	"88,64"	"100,00"
001744	SAN VALENTIN COPA	"2,00"	"6,09"	"6,70"	"0,07"	"48,41"	29/07/2025	"6,09"	"100,00"
001746	CLOE COPA	"24,00"	"79,64"	"87,60"	"0,89"	"49,30"	29/07/2025	"79,64"	"100,00"
001747	CLOE BOTELLA	"2,00"	"35,45"	"39,00"	"0,40"	"49,70"	28/07/2025	"35,45"	"100,00"
001752	TINTO CASA COPA	"45,00"	"157,50"	"173,25"	"1,76"	"51,46"	30/07/2025	"157,50"	"100,00"
001754	CLOE ROSÉ COPA	"46,00"	"152,64"	"167,90"	"1,71"	"53,17"	31/07/2025	"152,64"	"100,00"
001755	CLOE ROSÉ BOTELLA	"30,00"	"531,82"	"585,00"	"5,95"	"59,13"	30/07/2025	"531,82"	"100,00"
001796	VIÑASOL ROSADO Copa.	"14,00"	"39,45"	"43,40"	"0,44"	"59,57"	30/07/2025	"39,45"	"100,00"
001810	MALPASTOR BOTELLA	"3,00"	"45,00"	"49,50"	"0,50"	"60,07"	29/07/2025	"45,00"	"100,00"
001811	MALPASTOR COPA	"49,00"	"153,68"	"169,05"	"1,72"	"61,79"	30/07/2025	"153,68"	"100,00"
001842	3055 JEAN LEÓN BOTELLA	"4,00"	"60,00"	"66,00"	"0,67"	"62,47"	22/07/2025	"60,00"	"100,00"
001843	3055 JEAN LEÓN COPA	"13,00"	"41,36"	"45,50"	"0,46"	"62,93"	27/07/2025	"41,36"	"100,00"
001844	LA MATEO ROSADO BOTELLA	"6,00"	"130,91"	"144,00"	"1,47"	"64,39"	26/07/2025	"130,91"	"100,00"
001868	Las Pisadas Copa	"17,00"	"56,41"	"62,05"	"0,63"	"65,03"	27/07/2025	"56,41"	"100,00"
001869	Las Pisadas Botella	"5,00"	"77,27"	"85,00"	"0,87"	"65,89"	27/07/2025	"77,27"	"100,00"
001870	Dusky Sound copa	"50,00"	"159,09"	"175,00"	"1,78"	"67,67"	31/07/2025	"159,09"	"100,00"
001871	Dusky Sound Botella	"14,00"	"190,91"	"210,00"	"2,14"	"69,81"	31/07/2025	"190,91"	"100,00"
001872	62 millas Copa	"81,00"	"268,77"	"295,65"	"3,01"	"72,82"	31/07/2025	"268,77"	"100,00"
001873	62 millas Botella	"2,00"	"32,73"	"36,00"	"0,37"	"73,18"	25/07/2025	"32,73"	"100,00"
001874	Mar de seda copa	"399,00"	"1.269,55"	"1.396,50"	"14,21"	"87,40"	31/07/2025	"1.269,55"	"100,00"
001875	Mar de seda Botella	"28,00"	"305,45"	"336,00"	"3,42"	"90,82"	31/07/2025	"305,45"	"100,00"
001876	Camiño dos faros	"1,00"	"16,36"	"18,00"	"0,18"	"91,00"	30/07/2025	"16,36"	"100,00"
001877	Pazos Copa	"56,00"	"160,36"	"176,40"	"1,80"	"92,80"	31/07/2025	"160,36"	"100,00"
001878	Letargo Copa	"3,00"	"9,00"	"9,90"	"0,10"	"92,90"	23/07/2025	"9,00"	"100,00"
001879	Letargo Botella	"2,00"	"29,09"	"32,00"	"0,33"	"93,22"	03/07/2025	"29,09"	"100,00"
001881	Viernes Copa	"16,00"	"48,00"	"52,80"	"0,54"	"93,76"	24/07/2025	"48,00"	"100,00"
001882	Viernes Botella	"7,00"	"105,00"	"115,50"	"1,18"	"94,93"	23/07/2025	"105,00"	"100,00"
001883	ricipe viana Copa	"9,00"	"24,55"	"27,00"	"0,27"	"95,21"	27/07/2025	"24,55"	"100,00"
001884	Principe Viana Botella	"6,00"	"70,91"	"78,00"	"0,79"	"96,00"	29/07/2025	"70,91"	"100,00"
001891	ALTOS DE TORONA	"1,00"	"15,91"	"17,50"	"0,18"	"96,18"	10/07/2025	"15,91"	"100,00"
001892	TESELA COPA	"1,00"	"3,18"	"3,50"	"0,04"	"96,22"	04/07/2025	"3,18"	"100,00"
001896	PAZOS BOT	"23,00"	"317,82"	"349,60"	"3,56"	"99,78"	30/07/2025	"317,82"	"100,00"
001918	Pedro Ximenez	"3,00"	"14,18"	"15,60"	"0,16"	"99,93"	13/07/2025	"14,18"	"100,00"
001920	Amontillado	"1,00"	"5,91"	"6,50"	"0,07"	"100,00"	25/07/2025	"5,91"	"100,00"
001941	con limón	"602,00"	"0,00"	"0,00"	"0,00"	"100,00"	31/07/2025	"0,00"	"0,00"
001942	con casera	"134,00"	"0,00"	"0,00"	"0,00"	"100,00"	31/07/2025	"0,00"	"0,00"
	APERITIVOS Y LICORES								
000247	LICOR DE MANZANA SIN	"2,00"	"8,18"	"9,00"	"0,72"	"0,72"	26/07/2025	"8,18"	"100,00"
000257	ORUJO DE HIERBAS	"5,00"	"25,00"	"27,50"	"2,19"	"2,91"	26/07/2025	"25,00"	"100,00"
000258	ANIS DULCE	"5,00"	"22,73"	"25,00"	"1,99"	"4,90"	27/07/2025	"22,73"	"100,00"
000262	LICOR 43	"2,00"	"10,00"	"11,00"	"0,88"	"5,77"	08/07/2025	"10,00"	"100,00"
000264	MARTINI ROJO	"12,00"	"60,00"	"66,00"	"5,25"	"11,03"	29/07/2025	"60,00"	"100,00"
000265	MARTINI BLANCO	"7,00"	"35,00"	"38,50"	"3,07"	"14,09"	23/07/2025	"35,00"	"100,00"
000266	AMARETTO	"22,00"	"115,45"	"127,00"	"10,11"	"24,20"	30/07/2025	"115,45"	"100,00"
000268	TIA MARÍA	"1,00"	"5,00"	"5,50"	"0,44"	"24,64"	20/07/2025	"5,00"	"100,00"
000270	BAILEYS	"38,00"	"190,00"	"209,00"	"16,64"	"41,28"	30/07/2025	"190,00"	"100,00"
000272	MALIBU	"6,00"	"30,00"	"33,00"	"2,63"	"43,91"	31/07/2025	"30,00"	"100,00"
000275	COINTREAU	"1,00"	"5,00"	"5,50"	"0,44"	"44,34"	30/07/2025	"5,00"	"100,00"
000277	JAGERMEISTER	"7,00"	"37,73"	"41,50"	"3,30"	"47,65"	30/07/2025	"37,73"	"100,00"
000280	CAMPARI	"3,00"	"15,00"	"16,50"	"1,31"	"48,96"	30/07/2025	"15,00"	"100,00"
000283	TEQUILA JOSE CUERVO	"8,00"	"50,91"	"56,00"	"4,46"	"53,42"	23/07/2025	"50,91"	"100,00"
000299	ORUJO CREMA	"9,00"	"45,00"	"49,50"	"3,94"	"57,36"	30/07/2025	"45,00"	"100,00"
000765	VERMOUTH DE LA CASA	"2,00"	"10,00"	"11,00"	"0,88"	"58,24"	23/07/2025	"10,00"	"100,00"
000851	Pacharan Otaola	"40,00"	"181,82"	"220,00"	"15,92"	"74,16"	31/07/2025	"181,82"	"100,00"
001091	BOTELLA AMARETO	"2,75"	"0,00"	"0,00"	"0,00"	"74,16"	30/07/2025	"0,00"	"0,00"
001097	BOTELLA BAILEYS	"4,75"	"0,00"	"0,00"	"0,00"	"74,16"	30/07/2025	"0,00"	"0,00"
001103	BOTELLA CAMPARI	"0,38"	"0,00"	"0,00"	"0,00"	"74,16"	30/07/2025	"0,00"	"0,00"
001106	BOTELLA COINTREAU	"0,13"	"0,00"	"0,00"	"0,00"	"74,16"	30/07/2025	"0,00"	"0,00"
001112	BOTELLA JAGERMEISTER	"0,88"	"0,00"	"0,00"	"0,00"	"74,16"	30/07/2025	"0,00"	"0,00"
001116	BOTELLA LICOR 43	"0,25"	"0,00"	"0,00"	"0,00"	"74,16"	08/07/2025	"0,00"	"0,00"
001124	BOTELLA MALIBU	"0,75"	"0,00"	"0,00"	"0,00"	"74,16"	31/07/2025	"0,00"	"0,00"
001127	BOTELLA MARTINI BLANCO	"0,88"	"0,00"	"0,00"	"0,00"	"74,16"	23/07/2025	"0,00"	"0,00"
001129	BOTELLA MARTINI ROJO	"1,50"	"0,00"	"0,00"	"0,00"	"74,16"	29/07/2025	"0,00"	"0,00"
001162	BOTELLA TEQUILA JOSE CUERVO	"1,00"	"0,00"	"0,00"	"0,00"	"74,16"	23/07/2025	"0,00"	"0,00"
001164	BOTELLA TIA MARIA	"0,13"	"0,00"	"0,00"	"0,00"	"74,16"	20/07/2025	"0,00"	"0,00"
001759	LIMONCELLO	"6,00"	"30,00"	"33,00"	"2,63"	"76,79"	27/07/2025	"30,00"	"100,00"
001848	VERMOUTH GUERRA	"49,00"	"265,05"	"291,55"	"23,21"	"100,00"	29/07/2025	"265,05"	"100,00"
	WHISKIES								
000302	WHITE LABEL	"7,00"	"47,73"	"52,50"	"3,79"	"3,79"	30/07/2025	"47,73"	"100,00"
000304	CUTTY SARK	"3,00"	"20,45"	"22,50"	"1,62"	"5,41"	22/07/2025	"20,45"	"100,00"
000306	DYC 8	"11,00"	"75,00"	"82,50"	"5,96"	"11,37"	26/07/2025	"75,00"	"100,00"
000308	JAMESON	"13,00"	"88,64"	"97,50"	"7,04"	"18,41"	27/07/2025	"88,64"	"100,00"
000312	CHIVAS 18	"1,00"	"14,50"	"15,95"	"1,15"	"19,56"	08/07/2025	"14,50"	"100,00"
000317	CARDHU	"5,00"	"49,77"	"54,75"	"3,95"	"23,51"	31/07/2025	"49,77"	"100,00"
000318	JOHNNY WALKER BLACK	"8,00"	"72,36"	"79,60"	"5,75"	"29,26"	29/07/2025	"72,36"	"100,00"
000319	J&B	"10,00"	"68,18"	"75,00"	"5,41"	"34,67"	24/07/2025	"68,18"	"100,00"
000322	JOHNNY WALKER RED	"43,00"	"293,18"	"322,50"	"23,28"	"57,95"	30/07/2025	"293,18"	"100,00"
000324	JACK DANIELS	"25,00"	"181,82"	"200,00"	"14,44"	"72,39"	30/07/2025	"181,82"	"100,00"
000325	FOUR ROSES	"6,00"	"43,64"	"48,00"	"3,47"	"75,85"	31/07/2025	"43,64"	"100,00"
000328	SOUTHERN COMFORT	"4,00"	"27,27"	"30,00"	"2,17"	"78,02"	26/07/2025	"27,27"	"100,00"
001604	MACALLAN 12	"9,00"	"122,73"	"135,00"	"9,75"	"87,76"	26/07/2025	"122,73"	"100,00"
001684	BALLANTINES	"22,00"	"154,09"	"169,50"	"12,24"	"100,00"	30/07/2025	"154,09"	"100,00"
	VODKAS								
000363	STOLICHNAYA	"1,00"	"6,82"	"7,50"	"3,52"	"3,52"	29/07/2025	"6,82"	"100,00"
000364	SMIRNOFF	"1,00"	"6,82"	"7,50"	"3,52"	"7,04"	04/07/2025	"6,82"	"100,00"
001685	ABSOLUT	"26,00"	"180,00"	"198,00"	"92,96"	"100,00"	27/07/2025	"180,00"	"100,00"
	"COCKTAILS, ZUMOS Y BATIDOS"								
000006	ZUMO NARANJA NAT. (Desay.)	"455,00"	"1.180,00"	"1.298,00"	"7,62"	"7,62"	31/07/2025	"1.180,00"	"100,00"
000378	CARIBEÑO	"48,00"	"240,00"	"264,00"	"1,55"	"9,17"	31/07/2025	"240,00"	"100,00"
000379	LA CHANCLA	"93,00"	"503,05"	"553,35"	"3,25"	"12,41"	31/07/2025	"503,05"	"100,00"
000380	ANTIOXIDANTE	"72,00"	"371,91"	"409,10"	"2,40"	"14,82"	31/07/2025	"371,91"	"100,00"
000381	MOJITO	"364,00"	"2.812,73"	"3.094,00"	"18,16"	"32,97"	31/07/2025	"2.812,73"	"100,00"
000382	DAIKIRI ORIGINAL	"9,00"	"69,55"	"76,50"	"0,45"	"33,42"	20/07/2025	"69,55"	"100,00"
000383	CAIPIRIÑA	"16,00"	"123,64"	"136,00"	"0,80"	"34,22"	30/07/2025	"123,64"	"100,00"
000384	PIÑA COLADA	"194,00"	"1.578,45"	"1.736,30"	"10,19"	"44,41"	31/07/2025	"1.578,45"	"100,00"
000385	SAN FRANCISCO	"33,00"	"178,50"	"196,35"	"1,15"	"45,56"	30/07/2025	"178,50"	"100,00"
000386	LIMÓN Y ALGO	"48,00"	"240,00"	"264,00"	"1,55"	"47,11"	31/07/2025	"240,00"	"100,00"
000392	BLODY MARY	"22,00"	"159,00"	"174,90"	"1,03"	"48,14"	30/07/2025	"159,00"	"100,00"
000393	APEROL SPRITZ	"256,00"	"1.512,73"	"1.664,00"	"9,77"	"57,91"	31/07/2025	"1.512,73"	"100,00"
000394	MARGARITA	"75,00"	"579,55"	"637,50"	"3,74"	"61,65"	30/07/2025	"579,55"	"100,00"
000395	DAIKIRI DE FRESA	"84,00"	"649,09"	"714,00"	"4,19"	"65,84"	31/07/2025	"649,09"	"100,00"
000396	MORENITO	"13,00"	"65,00"	"71,50"	"0,42"	"66,26"	30/07/2025	"65,00"	"100,00"
000397	MOJITO SIN	"81,00"	"438,14"	"481,95"	"2,83"	"69,09"	31/07/2025	"438,14"	"100,00"
000398	COCKTAIL DE CAVA	"4,00"	"36,18"	"39,80"	"0,23"	"69,32"	25/07/2025	"36,18"	"100,00"
000399	FLY ME TO THE MOON	"28,00"	"216,36"	"238,00"	"1,40"	"70,72"	24/07/2025	"216,36"	"100,00"
000400	TOM COLLINS	"12,00"	"92,73"	"102,00"	"0,60"	"71,31"	30/07/2025	"92,73"	"100,00"
000401	VITAMINICO	"58,00"	"290,00"	"319,00"	"1,87"	"73,19"	31/07/2025	"290,00"	"100,00"
000715	MOJITO FRESA SIN	"44,00"	"238,00"	"261,80"	"1,54"	"74,72"	29/07/2025	"238,00"	"100,00"
000740	MOJITO FRESA	"102,00"	"788,18"	"867,00"	"5,09"	"79,81"	31/07/2025	"788,18"	"100,00"
000741	DAIKIRI FRESA SIN	"39,00"	"210,95"	"232,05"	"1,36"	"81,17"	31/07/2025	"210,95"	"100,00"
000742	VIRGIN MARY	"9,00"	"45,00"	"49,50"	"0,29"	"81,46"	28/07/2025	"45,00"	"100,00"
000776	ZUMO NARANJA NATURAL GRANDE	"167,00"	"626,18"	"688,80"	"4,04"	"85,51"	31/07/2025	"626,18"	"100,00"
000778	PUESTA DE SOL	"91,00"	"455,00"	"500,50"	"2,94"	"88,44"	31/07/2025	"455,00"	"100,00"
000783	DETOX	"17,00"	"100,45"	"110,50"	"0,65"	"89,09"	29/07/2025	"100,45"	"100,00"
000785	CAIPIRIÑA DE FRESA	"10,00"	"77,27"	"85,00"	"0,50"	"89,59"	26/07/2025	"77,27"	"100,00"
000807	LIMONADA 100%	"119,00"	"450,55"	"495,60"	"2,91"	"92,50"	31/07/2025	"450,55"	"100,00"
001177	ZUMO DE TEMPORADA	"10,00"	"50,00"	"55,00"	"0,32"	"92,82"	27/07/2025	"50,00"	"100,00"
001178	BATIDO DE CHOCOLATE	"25,00"	"131,82"	"145,00"	"0,85"	"93,67"	31/07/2025	"131,82"	"100,00"
001269	BATIDO DE VAINILLA	"22,00"	"116,00"	"127,60"	"0,75"	"94,42"	31/07/2025	"116,00"	"100,00"
001270	BATIDO DE FRESA	"13,00"	"68,55"	"75,40"	"0,44"	"94,86"	26/07/2025	"68,55"	"100,00"
001271	BATIDO DE TURRON	"12,00"	"63,27"	"69,60"	"0,41"	"95,27"	31/07/2025	"63,27"	"100,00"
001273	ESPRESSO MARTINI	"11,00"	"69,50"	"76,45"	"0,45"	"95,72"	30/07/2025	"69,50"	"100,00"
001274	WHITE RUSSIAN	"1,00"	"6,32"	"6,95"	"0,04"	"95,76"	05/07/2025	"6,32"	"100,00"
001275	ORANGE	"3,00"	"17,73"	"19,50"	"0,11"	"95,88"	17/07/2025	"17,73"	"100,00"
001276	PASION DE COCO	"1,00"	"5,91"	"6,50"	"0,04"	"95,91"	24/07/2025	"5,91"	"100,00"
001277	AFRODISIACO	"8,00"	"50,55"	"55,60"	"0,33"	"96,24"	29/07/2025	"50,55"	"100,00"
001286	nata	"3,00"	"1,36"	"1,50"	"0,01"	"96,25"	26/07/2025	"1,36"	"100,00"
001830	PIÑA COLADA SIN	"91,00"	"492,23"	"541,45"	"3,18"	"99,43"	31/07/2025	"492,23"	"100,00"
001885	Negroni	"13,00"	"88,64"	"97,50"	"0,57"	"100,00"	27/07/2025	"88,64"	"100,00"
	RON								
000408	CACIQUE	"3,00"	"20,45"	"22,50"	"1,02"	"1,02"	06/07/2025	"20,45"	"100,00"
000409	CACIQUE 500	"4,00"	"34,55"	"38,00"	"1,72"	"2,74"	04/07/2025	"34,55"	"100,00"
000411	BARCELO AÑEJO	"146,00"	"1.055,18"	"1.160,70"	"52,48"	"55,22"	31/07/2025	"1.055,18"	"100,00"
000413	BARCELO IMPERIAL	"5,00"	"45,23"	"49,75"	"2,25"	"57,46"	30/07/2025	"45,23"	"100,00"
000414	PAMPERO ESPECIAL	"1,00"	"6,36"	"7,00"	"0,32"	"57,78"	12/07/2025	"6,36"	"100,00"
000417	BRUGAL	"40,00"	"272,73"	"300,00"	"13,56"	"71,35"	31/07/2025	"272,73"	"100,00"
000419	SANTA TERESA AÑEJO	"5,00"	"31,59"	"34,75"	"1,57"	"72,92"	22/07/2025	"31,59"	"100,00"
000446	BACARDI	"11,00"	"75,00"	"82,50"	"3,73"	"76,65"	29/07/2025	"75,00"	"100,00"
000453	LEGENDARIO ELIXIR (7)	"46,00"	"334,55"	"368,00"	"16,64"	"93,29"	27/07/2025	"334,55"	"100,00"
000466	AREHUCAS	"4,00"	"23,64"	"26,00"	"1,18"	"94,46"	30/07/2025	"23,64"	"100,00"
000477	MATUSALEN 7	"3,00"	"23,18"	"25,50"	"1,15"	"95,61"	05/07/2025	"23,18"	"100,00"
000843	BOTELLA BARCELO	"19,13"	"0,00"	"0,00"	"0,00"	"95,61"	31/07/2025	"0,00"	"0,00"
001044	BOTELLA BARCELO IMPERIAL	"0,01"	"0,00"	"0,00"	"0,00"	"95,61"	30/07/2025	"0,00"	"0,00"
001686	HAVANA 7 AÑOS	"8,00"	"69,09"	"76,00"	"3,44"	"99,05"	31/07/2025	"69,09"	"100,00"
001854	Dos maderas 5+5	"2,00"	"19,09"	"21,00"	"0,95"	"100,00"	20/07/2025	"19,09"	"100,00"
	GINEBRAS								
000506	BOMBAY SAPPHIRE	"11,00"	"85,00"	"93,50"	"1,91"	"1,91"	30/07/2025	"85,00"	"100,00"
000508	TANQUERAY	"84,00"	"573,64"	"631,00"	"12,86"	"14,77"	31/07/2025	"573,64"	"100,00"
000509	LARIOS	"90,00"	"572,73"	"630,00"	"12,84"	"27,62"	31/07/2025	"572,73"	"100,00"
000514	HENDRICKS	"10,00"	"96,82"	"106,50"	"2,17"	"29,79"	31/07/2025	"96,82"	"100,00"
000515	NORDES	"27,00"	"234,55"	"258,00"	"5,26"	"35,05"	25/07/2025	"234,55"	"100,00"
000516	LARIOS 12	"69,00"	"470,45"	"517,50"	"10,55"	"45,60"	29/07/2025	"470,45"	"100,00"
000518	G´VINE	"5,00"	"49,77"	"54,75"	"1,12"	"46,71"	26/07/2025	"49,77"	"100,00"
000522	MARTIN MILLERS	"28,00"	"242,27"	"266,50"	"5,43"	"52,15"	31/07/2025	"242,27"	"100,00"
000595	BROCKMANS	"11,00"	"105,00"	"115,50"	"2,35"	"54,50"	29/07/2025	"105,00"	"100,00"
000606	BULL DOG	"5,00"	"36,14"	"39,75"	"0,81"	"55,31"	30/07/2025	"36,14"	"100,00"
000625	MONKEY 47	"2,00"	"30,82"	"33,90"	"0,69"	"56,00"	31/07/2025	"30,82"	"100,00"
000836	Botella Larios 12	"0,17"	"0,00"	"0,00"	"0,00"	"56,00"	29/07/2025	"0,00"	"0,00"
001202	LARIOS ROSE	"32,00"	"218,64"	"240,50"	"4,90"	"60,91"	30/07/2025	"218,64"	"100,00"
001608	ROKU	"1,00"	"8,64"	"9,50"	"0,19"	"61,10"	12/07/2025	"8,64"	"100,00"
001682	BEEFETER	"123,00"	"838,64"	"922,50"	"18,81"	"79,91"	31/07/2025	"838,64"	"100,00"
001683	SEAGRANS	"122,00"	"832,73"	"916,00"	"18,68"	"98,58"	31/07/2025	"832,73"	"100,00"
001775	"SEAGRAMS 0,0"	"10,00"	"63,18"	"69,50"	"1,42"	"100,00"	30/07/2025	"63,18"	"100,00"
	HONESTIDAD								
001287	COMBINADOS HONEST.	"19,00"	"79,45"	"87,40"	"29,70"	"29,70"	26/07/2025	"79,45"	"100,00"
001288	CERVEZA HONEST.	"83,00"	"147,14"	"161,85"	"55,01"	"84,71"	31/07/2025	"147,14"	"100,00"
001289	HONEST. REFRES./ ZUMOS /AGUA	"30,00"	"40,91"	"45,00"	"15,29"	"100,00"	29/07/2025	"40,91"	"100,00"
	TIENDA								
001355	CAFE DE BRASIL 250gr	"1,00"	"7,27"	"8,00"	"24,99"	"24,99"	19/07/2025	"7,27"	"100,00"
001356	CAFÉ DE COLOMBIA 250gr	"1,00"	"7,27"	"8,00"	"24,99"	"49,98"	19/07/2025	"7,27"	"100,00"
001362	CAFE DE LA CHANCLA 250gr	"2,00"	"14,55"	"16,00"	"50,02"	"100,00"	15/07/2025	"14,55"	"100,00"
	SUGERENCIAS								
000822	VARIOS	"53,00"	"682,75"	"751,02"	"100,00"	"100,00"	31/07/2025	"682,75"	"100,00"
	Sin Familias								
001937	cortado doble	"7,00"	"0,00"	"0,00"	"0,00"	"0,00"	29/07/2025	"0,00"	"0,00"
001944	Negro	"5,00"	"0,00"	"0,00"	"0,00"	"0,00"	30/07/2025	"0,00"	"0,00"
001952	"Piña, Jengibre..."	"6,00"	"0,00"	"0,00"	"0,00"	"0,00"	23/07/2025	"0,00"	"0,00"
	Sin Familias								
001921	Palo Cortado	"2,00"	"15,45"	"17,00"	"100,00"	"100,00"	28/07/2025	"15,45"	"100,00"