ABC de Ventas     Del 01/06/2025 al 30/06/2025	ABC de Ventas     Del 01/06/2025 al 30/06/2025	ABC de Ventas     Del 01/06/2025 al 30/06/2025	ABC de Ventas     Del 01/06/2025 al 30/06/2025	ABC de Ventas     Del 01/06/2025 al 30/06/2025	ABC de Ventas     Del 01/06/2025 al 30/06/2025	ABC de Ventas     Del 01/06/2025 al 30/06/2025	ABC de Ventas     Del 01/06/2025 al 30/06/2025	ABC de Ventas     Del 01/06/2025 al 30/06/2025	ABC de Ventas     Del 01/06/2025 al 30/06/2025
Código	Descripción	Unidades	Importe Total	Importe Total  I.I.	% Venta	% Acumu.	Fecha Ult.Vta.	Beneficio B.I.	% Ben.
	Sin Familias								
ç		"44,00"	"-152,58"	"-167,84"	"100,00"	"100,00"	30/06/2025	"-152,58"	"100,00"
001758	Boniato Acomp	"225,00"	"0,00"	"0,00"	"0,00"	"100,00"	30/06/2025	"0,00"	"0,00"
	REFRESCOS								
000001	COCACOLA	"571,00"	"799,00"	"878,90"	"9,44"	"9,44"	30/06/2025	"799,00"	"100,00"
000002	FANTA NARANJA	"122,00"	"202,95"	"223,25"	"2,40"	"11,84"	30/06/2025	"202,95"	"100,00"
000003	COLA ZERO	"673,00"	"1.217,73"	"1.339,50"	"14,39"	"26,22"	30/06/2025	"1.217,73"	"100,00"
000005	LIMONADA	"5,00"	"2,14"	"2,35"	"0,03"	"26,25"	30/06/2025	"2,14"	"100,00"
000007	BATIDO DE FRESA	"1,00"	"2,05"	"2,25"	"0,02"	"26,27"	17/06/2025	"2,05"	"100,00"
000008	COLA LIGHT	"2,00"	"4,27"	"4,70"	"0,05"	"26,32"	10/06/2025	"4,27"	"100,00"
000010	RED BULL	"16,00"	"36,00"	"39,60"	"0,43"	"26,75"	29/06/2025	"36,00"	"100,00"
000011	NESTEA LIMÓN	"88,00"	"180,00"	"198,00"	"2,13"	"28,88"	30/06/2025	"-6.068,00"	"-3.371,11"
000013	NESTEA  MARACUYÁ	"88,00"	"188,00"	"206,80"	"2,22"	"31,10"	30/06/2025	"188,00"	"100,00"
000014	SPRITE	"9,00"	"14,95"	"16,45"	"0,18"	"31,27"	20/06/2025	"14,95"	"100,00"
000015	FANTA LIMÓN	"127,00"	"141,00"	"155,10"	"1,67"	"32,94"	30/06/2025	"141,00"	"100,00"
000016	TÓNICA SCHWEPPES	"511,00"	"239,27"	"263,20"	"2,83"	"35,77"	30/06/2025	"239,27"	"100,00"
000018	CASERA	"11,00"	"23,50"	"25,85"	"0,28"	"36,04"	21/06/2025	"23,50"	"100,00"
000020	AQUARIUS LIMÓN	"79,00"	"164,50"	"180,95"	"1,94"	"37,99"	30/06/2025	"164,50"	"100,00"
000022	BITTER ROSSO	"16,00"	"34,18"	"37,60"	"0,40"	"38,39"	30/06/2025	"34,18"	"100,00"
000024	AQUARIUS NARANJA	"42,00"	"89,73"	"98,70"	"1,06"	"39,45"	29/06/2025	"89,73"	"100,00"
000546	ZUMO DE Manzana (minute maid)	"1,00"	"2,05"	"2,25"	"0,02"	"39,48"	20/06/2025	"2,05"	"100,00"
000547	ZUMO DE PIÑA	"41,00"	"87,59"	"96,35"	"1,03"	"40,51"	30/06/2025	"87,59"	"100,00"
000548	ZUMO DE MELOCOTÓN	"22,00"	"47,00"	"51,70"	"0,56"	"41,07"	28/06/2025	"47,00"	"100,00"
000549	ZUMO DE TOMATE	"31,00"	"66,23"	"72,85"	"0,78"	"41,85"	30/06/2025	"66,23"	"100,00"
000560	TONICA FEVER	"25,00"	"9,82"	"10,80"	"0,12"	"41,96"	30/06/2025	"9,82"	"100,00"
000567	BATIDO DE CHOCOLATE	"39,00"	"77,73"	"85,50"	"0,92"	"42,88"	30/06/2025	"77,73"	"100,00"
000568	BATIDO DE VAINILLA	"1,00"	"2,05"	"2,25"	"0,02"	"42,91"	21/06/2025	"2,05"	"100,00"
000583	GINGER ALE	"23,00"	"38,45"	"42,30"	"0,45"	"43,36"	30/06/2025	"38,45"	"100,00"
000753	AGUA PARA LLEVAR 0.50 L	"321,00"	"614,00"	"675,40"	"7,25"	"50,61"	30/06/2025	"614,00"	"100,00"
001312	COLA ZERO ZERO	"87,00"	"147,41"	"162,15"	"1,74"	"52,36"	30/06/2025	"147,41"	"100,00"
001420	SEVEN UP	"81,00"	"61,95"	"68,15"	"0,73"	"53,09"	30/06/2025	"61,95"	"100,00"
001442	AGUA PERRIER	"1,00"	"0,00"	"0,00"	"0,00"	"53,09"	06/06/2025	"0,00"	"0,00"
001610	Tonica zero	"96,00"	"0,00"	"0,00"	"0,00"	"53,09"	30/06/2025	"0,00"	"0,00"
001791	Bot. Agua Solan Con Gas 33cl	"725,00"	"1.647,73"	"1.812,50"	"19,47"	"72,56"	30/06/2025	"1.647,73"	"100,00"
001792	Bot. Agua Solan 50cl	"1.126,00"	"2.252,00"	"2.477,20"	"26,61"	"99,16"	30/06/2025	"2.252,00"	"100,00"
001837	TÓNICA ZERO SW	"9,00"	"19,23"	"21,15"	"0,23"	"99,39"	26/06/2025	"19,23"	"100,00"
001838	TÓNICA BERRY SW	"13,00"	"27,77"	"30,55"	"0,33"	"99,72"	28/06/2025	"27,77"	"100,00"
001894	Bot. Agua Solan TIEMPO	"12,00"	"24,00"	"26,40"	"0,28"	"100,00"	30/06/2025	"24,00"	"100,00"
001928	PICOTEO!!!	"4,00"	"0,00"	"0,00"	"0,00"	"100,00"	30/06/2025	"0,00"	"0,00"
001929	LIMPIAR!!!	"1,00"	"0,00"	"0,00"	"0,00"	"100,00"	25/06/2025	"0,00"	"0,00"
001940	LEVANTAR MESA	"4,00"	"0,00"	"0,00"	"0,00"	"100,00"	28/06/2025	"0,00"	"0,00"
	TARTAS Y POSTRES								
000719	GOFRE DE AZUCAR	"13,00"	"49,64"	"54,60"	"3,09"	"3,09"	30/06/2025	"49,64"	"100,00"
000743	TARTA DE ZANAHORIA	"34,00"	"214,82"	"236,30"	"13,38"	"16,47"	29/06/2025	"214,82"	"100,00"
000873	TARTA DE CHOCOLATE	"20,00"	"126,36"	"139,00"	"7,87"	"24,34"	30/06/2025	"126,36"	"100,00"
000896	TARTA DE QUESO	"39,00"	"246,41"	"271,05"	"15,34"	"39,68"	30/06/2025	"246,41"	"100,00"
001260	sirope fresa	"4,00"	"0,00"	"0,00"	"0,00"	"39,68"	28/06/2025	"0,00"	"0,00"
001262	sirope chocolate	"3,00"	"0,00"	"0,00"	"0,00"	"39,68"	27/06/2025	"0,00"	"0,00"
001263	nutella	"46,00"	"0,00"	"0,00"	"0,00"	"39,68"	28/06/2025	"0,00"	"0,00"
001331	CREPES	"39,00"	"148,91"	"163,80"	"9,27"	"48,95"	28/06/2025	"148,91"	"100,00"
001354	TARTA DE SNIKER	"4,00"	"25,27"	"27,80"	"1,57"	"50,53"	15/06/2025	"25,27"	"100,00"
001371	BROWNIE CLASICO	"63,00"	"398,05"	"437,85"	"24,79"	"75,31"	30/06/2025	"398,05"	"100,00"
001430	BROWNIE LOTUS	"56,00"	"347,50"	"382,25"	"21,64"	"96,95"	28/06/2025	"347,50"	"100,00"
001473	ALMENDRA CROCANTI	"17,00"	"9,27"	"10,20"	"0,58"	"97,53"	26/06/2025	"9,27"	"100,00"
001625	dulce de leche	"3,00"	"0,00"	"0,00"	"0,00"	"97,53"	30/06/2025	"0,00"	"0,00"
001627	nata	"10,00"	"0,00"	"0,00"	"0,00"	"97,53"	28/06/2025	"0,00"	"0,00"
001631	NUECES	"33,00"	"18,00"	"19,80"	"1,12"	"98,65"	30/06/2025	"18,00"	"100,00"
001633	platano	"9,00"	"4,91"	"5,40"	"0,31"	"98,96"	18/06/2025	"4,91"	"100,00"
001634	fresa	"9,00"	"4,91"	"5,40"	"0,31"	"99,26"	15/06/2025	"4,91"	"100,00"
001635	VAINILLA VERACRUZ	"13,00"	"11,82"	"13,00"	"0,74"	"100,00"	28/06/2025	"11,82"	"100,00"
	COMIDAS Y SNACKS								
000092	ENSALADA CESAR	"104,00"	"1.318,91"	"1.450,80"	"3,32"	"3,32"	30/06/2025	"1.318,91"	"100,00"
000093	ENSALADA CABRA	"110,00"	"1.395,00"	"1.534,50"	"3,51"	"6,82"	30/06/2025	"1.395,00"	"100,00"
000095	ENSALADA TEMPLADA	"67,00"	"910,59"	"1.001,65"	"2,29"	"9,11"	30/06/2025	"910,59"	"100,00"
000097	Ingrediente Extra	"4,00"	"3,64"	"4,00"	"0,01"	"9,12"	18/06/2025	"3,64"	"100,00"
000100	SANDWICH CLUB	"182,00"	"2.142,64"	"2.356,90"	"5,39"	"14,51"	30/06/2025	"2.142,64"	"100,00"
000103	POLLO TIKA MASSALA	"68,00"	"772,73"	"850,00"	"1,94"	"16,46"	30/06/2025	"772,73"	"100,00"
000106	MINI-TORTILLA	"125,00"	"789,77"	"868,75"	"1,99"	"18,44"	30/06/2025	"789,77"	"100,00"
000108	MENU INFANTIL	"66,00"	"510,00"	"561,00"	"1,28"	"19,72"	30/06/2025	"510,00"	"100,00"
000109	BURGUER LA CHANCLA	"174,00"	"2.206,64"	"2.427,30"	"5,55"	"25,27"	30/06/2025	"2.206,64"	"100,00"
000111	PETIT FOIE	"59,00"	"480,05"	"528,05"	"1,21"	"26,48"	30/06/2025	"480,05"	"100,00"
000114	SANDWICH VEGANO	"59,00"	"480,05"	"528,05"	"1,21"	"27,69"	29/06/2025	"480,05"	"100,00"
000121	"HUEVOS, PATATAS, SETAS TRUFA"	"66,00"	"837,00"	"920,70"	"2,10"	"29,79"	30/06/2025	"837,00"	"100,00"
000656	BRAVAS	"177,00"	"1.601,05"	"1.761,15"	"4,03"	"33,82"	30/06/2025	"1.601,05"	"100,00"
000727	WOK  POLLO	"163,00"	"2.067,14"	"2.273,85"	"5,20"	"39,02"	30/06/2025	"2.067,14"	"100,00"
000769	TATAKI DE ATÚN	"65,00"	"1.119,77"	"1.231,75"	"2,82"	"41,83"	30/06/2025	"1.119,77"	"100,00"
000771	MINI-BURGUER CASERA TERNERA	"178,00"	"1.124,64"	"1.237,10"	"2,83"	"44,66"	30/06/2025	"1.124,64"	"100,00"
000772	CROQUETAS	"148,00"	"1.742,36"	"1.916,60"	"4,38"	"49,04"	30/06/2025	"1.742,36"	"100,00"
000876	ENSALADILLA RUSA	"117,00"	"1.377,41"	"1.515,15"	"3,46"	"52,51"	30/06/2025	"1.377,41"	"100,00"
001200	TARTAR DE ATUN ROJO	"61,00"	"939,95"	"1.033,95"	"2,36"	"54,87"	30/06/2025	"939,95"	"100,00"
001214	PAN	"117,00"	"74,45"	"81,90"	"0,19"	"55,06"	30/06/2025	"74,45"	"100,00"
001242	PIMIENTOS DEL PADRON	"90,00"	"568,64"	"625,50"	"1,43"	"56,49"	30/06/2025	"568,64"	"100,00"
001243	SOPA FRIA	"34,00"	"276,64"	"304,30"	"0,70"	"57,18"	25/06/2025	"276,64"	"100,00"
001257	salsa casera	"121,00"	"55,00"	"60,50"	"0,14"	"57,32"	30/06/2025	"55,00"	"100,00"
001259	arroz extra	"6,00"	"16,36"	"18,00"	"0,04"	"57,36"	27/06/2025	"16,36"	"100,00"
001264	ensalada extra	"15,00"	"27,27"	"30,00"	"0,07"	"57,43"	23/06/2025	"27,27"	"100,00"
001343	patatas extra	"58,00"	"158,18"	"174,00"	"0,40"	"57,83"	30/06/2025	"158,18"	"100,00"
001386	ENSALADA REFRESCANTE	"77,00"	"976,50"	"1.074,15"	"2,46"	"60,28"	30/06/2025	"976,50"	"100,00"
001389	WOK SALMON	"114,00"	"1.549,36"	"1.704,30"	"3,90"	"64,18"	30/06/2025	"1.549,36"	"100,00"
001506	MAYONESA	"104,00"	"18,91"	"20,80"	"0,05"	"64,23"	30/06/2025	"18,91"	"100,00"
001511	KETCHUP	"11,00"	"4,00"	"4,40"	"0,01"	"64,24"	26/06/2025	"4,00"	"100,00"
001601	nachos	"62,00"	"0,00"	"0,00"	"0,00"	"64,24"	30/06/2025	"0,00"	"0,00"
001613	patatas baston	"457,00"	"0,00"	"0,00"	"0,00"	"64,24"	30/06/2025	"0,00"	"0,00"
001617	WOK VEGANO	"40,00"	"381,82"	"420,00"	"0,96"	"65,20"	29/06/2025	"381,82"	"100,00"
001649	NUTELLA	"42,00"	"37,27"	"41,00"	"0,09"	"65,29"	30/06/2025	"37,27"	"100,00"
001660	NACHOS GOURMET	"173,00"	"1.965,91"	"2.162,50"	"4,94"	"70,24"	30/06/2025	"1.965,91"	"100,00"
001711	CRISPY CHICKEN	"161,00"	"1.456,32"	"1.601,95"	"3,66"	"73,90"	30/06/2025	"1.456,32"	"100,00"
001768	COSTILLA DE CERDO	"72,00"	"1.044,00"	"1.148,40"	"2,63"	"76,52"	30/06/2025	"1.044,00"	"100,00"
001798	REBANÁ	"37,00"	"334,68"	"368,15"	"0,84"	"77,37"	29/06/2025	"334,68"	"100,00"
001799	POLLO CAJÚN	"169,00"	"1.528,68"	"1.681,55"	"3,84"	"81,21"	30/06/2025	"1.528,68"	"100,00"
001800	BASTONES DE BONIATO	"173,00"	"1.250,32"	"1.375,35"	"3,14"	"84,35"	30/06/2025	"1.250,32"	"100,00"
001802	CUBIERTA DE CHEDAR	"25,00"	"34,09"	"37,50"	"0,09"	"84,44"	29/06/2025	"34,09"	"100,00"
001803	HUEVO FRITO BURGUER	"31,00"	"42,27"	"46,50"	"0,11"	"84,55"	30/06/2025	"42,27"	"100,00"
001804	LOMO ALTO	"52,00"	"990,36"	"1.089,40"	"2,49"	"87,04"	30/06/2025	"990,36"	"100,00"
001805	PESCADO PLANCHA	"151,00"	"2.189,50"	"2.408,45"	"5,51"	"92,54"	30/06/2025	"2.189,50"	"100,00"
001812	SUG_1 9.95	"2,00"	"18,09"	"19,90"	"0,05"	"92,59"	26/06/2025	"18,09"	"100,00"
001813	SUG_2 10.95	"46,00"	"457,91"	"503,70"	"1,15"	"93,74"	30/06/2025	"457,91"	"100,00"
001814	SUG_3 11.95	"19,00"	"206,41"	"227,05"	"0,52"	"94,26"	15/06/2025	"206,41"	"100,00"
001815	SUG_4 12.95	"28,00"	"329,64"	"362,60"	"0,83"	"95,09"	30/06/2025	"329,64"	"100,00"
001816	SUG_5 13.95	"8,00"	"101,45"	"111,60"	"0,26"	"95,34"	28/06/2025	"101,45"	"100,00"
001817	SUG_6 14.95	"77,00"	"1.046,50"	"1.151,15"	"2,63"	"97,97"	30/06/2025	"1.046,50"	"100,00"
001818	SUG_7 15.95	"12,00"	"174,00"	"191,40"	"0,44"	"98,41"	19/06/2025	"174,00"	"100,00"
001819	SUG_8 16.95	"16,00"	"246,55"	"271,20"	"0,62"	"99,03"	09/06/2025	"246,55"	"100,00"
001822	Mayonesa Acomp.	"249,00"	"0,00"	"0,00"	"0,00"	"99,03"	29/06/2025	"0,00"	"0,00"
001823	Ketchup Acomp.	"237,00"	"0,00"	"0,00"	"0,00"	"99,03"	30/06/2025	"0,00"	"0,00"
001824	Guacamole Acomp	"164,00"	"0,00"	"0,00"	"0,00"	"99,03"	30/06/2025	"0,00"	"0,00"
001825	S Brava Acomp	"3,00"	"0,00"	"0,00"	"0,00"	"99,03"	22/06/2025	"0,00"	"0,00"
001826	S. Mayo-Miel Acomp.	"1,00"	"0,00"	"0,00"	"0,00"	"99,03"	23/06/2025	"0,00"	"0,00"
001827	Salsa 2.0 Acomp.	"1,00"	"0,00"	"0,00"	"0,00"	"99,03"	07/06/2025	"0,00"	"0,00"
001832	SUG_9 17.95	"23,00"	"375,32"	"412,85"	"0,94"	"99,98"	30/06/2025	"375,32"	"100,00"
001897	barbacoa acomp	"35,00"	"0,00"	"0,00"	"0,00"	"99,98"	30/06/2025	"0,00"	"0,00"
001898	Teriyaki acomp	"28,00"	"0,00"	"0,00"	"0,00"	"99,98"	30/06/2025	"0,00"	"0,00"
001901	Arroz acomp	"58,00"	"0,00"	"0,00"	"0,00"	"99,98"	30/06/2025	"0,00"	"0,00"
001902	Noodles acomp	"107,00"	"0,00"	"0,00"	"0,00"	"99,98"	30/06/2025	"0,00"	"0,00"
001903	Bolsa	"8,00"	"0,73"	"0,80"	"0,00"	"99,98"	29/06/2025	"0,73"	"100,00"
001904	Take Grande	"10,00"	"3,64"	"4,00"	"0,01"	"99,99"	29/06/2025	"3,64"	"100,00"
001905	Take pequeño	"29,00"	"5,27"	"5,80"	"0,01"	"100,00"	30/06/2025	"5,27"	"100,00"
001906	Poco hecho	"7,00"	"0,00"	"0,00"	"0,00"	"100,00"	30/06/2025	"0,00"	"0,00"
001907	Punto menos	"1,00"	"0,00"	"0,00"	"0,00"	"100,00"	13/06/2025	"0,00"	"0,00"
001908	Al Punto	"15,00"	"0,00"	"0,00"	"0,00"	"100,00"	30/06/2025	"0,00"	"0,00"
001909	Punto Más	"3,00"	"0,00"	"0,00"	"0,00"	"100,00"	27/06/2025	"0,00"	"0,00"
001910	Muy Hecho	"1,00"	"0,00"	"0,00"	"0,00"	"100,00"	17/06/2025	"0,00"	"0,00"
001911	Pollo empanado	"12,00"	"0,00"	"0,00"	"0,00"	"100,00"	30/06/2025	"0,00"	"0,00"
001912	Pollo plancha	"5,00"	"0,00"	"0,00"	"0,00"	"100,00"	29/06/2025	"0,00"	"0,00"
001913	Patatas fritas	"14,00"	"0,00"	"0,00"	"0,00"	"100,00"	29/06/2025	"0,00"	"0,00"
001914	Arroz	"5,00"	"0,00"	"0,00"	"0,00"	"100,00"	30/06/2025	"0,00"	"0,00"
	CERVEZAS								
000129	MAHOU 33CL	"862,00"	"2.586,00"	"2.844,60"	"16,86"	"16,86"	30/06/2025	"2.586,00"	"100,00"
000131	CORONITAS	"194,00"	"652,55"	"717,80"	"4,25"	"21,11"	30/06/2025	"652,55"	"100,00"
000147	SAN MIGUEL 00	"61,00"	"177,45"	"195,20"	"1,16"	"22,27"	30/06/2025	"177,45"	"100,00"
000578	SAN MIGUEL ESPECIAL	"87,00"	"253,09"	"278,40"	"1,65"	"23,92"	29/06/2025	"253,09"	"100,00"
000630	PACK ALHAMBRA	"36,00"	"278,18"	"306,00"	"1,81"	"25,73"	29/06/2025	"278,18"	"100,00"
000631	PACK MAHOU	"52,00"	"401,82"	"442,00"	"2,62"	"28,35"	30/06/2025	"401,82"	"100,00"
000754	CAÑITA 5 ESTRELLAS	"1.425,00"	"3.432,95"	"3.776,25"	"22,38"	"50,73"	30/06/2025	"3.432,95"	"100,00"
000755	JARRA 5 ESTRELLAS	"700,00"	"2.863,64"	"3.150,00"	"18,67"	"69,40"	30/06/2025	"2.863,64"	"100,00"
000825	CLARA LIMON	"50,00"	"109,50"	"132,50"	"0,71"	"70,11"	29/06/2025	"109,50"	"100,00"
000826	CLARA CASERA	"22,00"	"40,00"	"48,40"	"0,26"	"70,37"	30/06/2025	"40,00"	"100,00"
001218	MAESTRA 33CL	"58,00"	"210,91"	"232,00"	"1,37"	"71,75"	24/06/2025	"210,91"	"100,00"
001313	MAHOU SIN GLUTEN	"96,00"	"305,45"	"336,00"	"1,99"	"73,74"	30/06/2025	"305,45"	"100,00"
001319	CAÑA MAESTRA	"92,00"	"267,64"	"294,40"	"1,74"	"75,48"	30/06/2025	"267,64"	"100,00"
001320	JARRA MAESTRA	"27,00"	"135,00"	"148,50"	"0,88"	"76,36"	28/06/2025	"135,00"	"100,00"
001444	RADLER MAHOU	"48,00"	"128,73"	"141,60"	"0,84"	"77,20"	30/06/2025	"128,73"	"100,00"
001481	SAN MIGUEL MAGNA	"6,00"	"17,45"	"19,20"	"0,11"	"77,32"	27/06/2025	"17,45"	"100,00"
001597	San Miguel 0.0	"63,00"	"183,27"	"201,60"	"1,19"	"78,51"	29/06/2025	"183,27"	"100,00"
001643	JARRA CLARA	"7,00"	"28,64"	"31,50"	"0,19"	"78,70"	27/06/2025	"28,64"	"100,00"
001662	STELLA ARTOIS	"8,00"	"21,45"	"23,60"	"0,14"	"78,84"	21/06/2025	"21,45"	"100,00"
001663	ALHAMBRA 1925	"635,00"	"2.135,91"	"2.349,50"	"13,92"	"92,76"	30/06/2025	"2.135,91"	"100,00"
001664	BUDWAISER	"54,00"	"171,82"	"189,00"	"1,12"	"93,88"	29/06/2025	"171,82"	"100,00"
001665	MAHOU IPA	"19,00"	"77,73"	"85,50"	"0,51"	"94,39"	30/06/2025	"77,73"	"100,00"
001666	FRANZISKANER 	"18,00"	"73,64"	"81,00"	"0,48"	"94,87"	30/06/2025	"73,64"	"100,00"
001667	LEFFE BLONDE	"13,00"	"53,18"	"58,50"	"0,35"	"95,21"	14/06/2025	"53,18"	"100,00"
001697	Caña Llevar	"20,00"	"56,36"	"62,00"	"0,37"	"95,58"	30/06/2025	"56,36"	"100,00"
001808	"MAHOU 0,0 TOSTADA"	"218,00"	"634,18"	"697,60"	"4,13"	"99,71"	30/06/2025	"634,18"	"100,00"
001820	MAHOU SIN FILTRAR	"11,00"	"35,00"	"38,50"	"0,23"	"99,94"	25/06/2025	"35,00"	"100,00"
001833	SAN MIGUEL ED. ALUMINIO	"3,00"	"8,73"	"9,60"	"0,06"	"100,00"	20/06/2025	"8,73"	"100,00"
	CAFES E INFUSIONES								
000148	ESPRESSO	"362,00"	"656,36"	"722,00"	"6,48"	"6,48"	30/06/2025	"656,36"	"100,00"
000149	CAFÉ CON LECHE	"1.711,00"	"3.713,45"	"4.084,80"	"36,67"	"43,15"	30/06/2025	"3.713,45"	"100,00"
000150	ESPRESSO MACCHIATO	"12,00"	"24,00"	"26,40"	"0,24"	"43,38"	24/06/2025	"24,00"	"100,00"
000151	CAFÉ HIELO BAYLEIS	"51,00"	"127,50"	"140,25"	"1,26"	"44,64"	29/06/2025	"127,50"	"100,00"
000153	CAPPUCCINO ITALIANO	"353,00"	"827,27"	"910,00"	"8,17"	"52,81"	30/06/2025	"827,27"	"100,00"
000155	COLA CAO	"88,00"	"160,00"	"176,00"	"1,58"	"54,39"	29/06/2025	"160,00"	"100,00"
000156	TÉ	"206,00"	"463,64"	"510,00"	"4,58"	"58,97"	30/06/2025	"463,64"	"100,00"
000157	MENTA POLEO	"28,00"	"63,64"	"70,00"	"0,63"	"59,60"	30/06/2025	"63,64"	"100,00"
000159	MANZANILLA	"29,00"	"65,91"	"72,50"	"0,65"	"60,25"	30/06/2025	"65,91"	"100,00"
000160	leche soja	"76,00"	"6,91"	"7,60"	"0,07"	"60,32"	30/06/2025	"6,91"	"100,00"
000164	TÉ EN LECHE	"10,00"	"25,45"	"28,00"	"0,25"	"60,57"	29/06/2025	"25,45"	"100,00"
000165	TÉ CON CANELA	"6,00"	"16,09"	"17,70"	"0,16"	"60,73"	22/06/2025	"16,09"	"100,00"
000166	TÉ CON LIMÓN	"15,00"	"30,00"	"33,00"	"0,30"	"61,02"	30/06/2025	"30,00"	"100,00"
000167	TÉ CON LECHE	"26,00"	"67,05"	"73,75"	"0,66"	"61,69"	30/06/2025	"67,05"	"100,00"
000168	CHOCOLATE SUIZO	"3,00"	"8,45"	"9,30"	"0,08"	"61,77"	27/06/2025	"8,45"	"100,00"
000170	CAFÉ CON HIELO	"296,00"	"616,82"	"678,50"	"6,09"	"67,86"	30/06/2025	"616,82"	"100,00"
000171	CORTADO	"205,00"	"389,45"	"428,40"	"3,85"	"71,70"	30/06/2025	"389,45"	"100,00"
000173	TAZA DE LECHE	"24,00"	"37,09"	"40,80"	"0,37"	"72,07"	29/06/2025	"37,09"	"100,00"
000174	CHOCOLATE	"5,00"	"13,64"	"15,00"	"0,13"	"72,21"	28/06/2025	"13,64"	"100,00"
000175	CARAJILLO	"16,00"	"39,55"	"43,50"	"0,39"	"72,60"	29/06/2025	"39,55"	"100,00"
000176	AMERICANO	"273,00"	"487,27"	"536,00"	"4,81"	"77,41"	30/06/2025	"487,27"	"100,00"
000528	SHAKERATO	"11,00"	"30,00"	"33,00"	"0,30"	"77,70"	30/06/2025	"30,00"	"100,00"
000529	LATTE MACCHIATO ACARAMELADO	"13,00"	"42,55"	"46,80"	"0,42"	"78,12"	30/06/2025	"42,55"	"100,00"
000530	SHAKERATO CON BAILEYS	"2,00"	"6,73"	"7,40"	"0,07"	"78,19"	07/06/2025	"6,73"	"100,00"
000531	LATTE MACCHIATO ACHOCOLATADO	"4,00"	"13,09"	"14,40"	"0,13"	"78,32"	30/06/2025	"13,09"	"100,00"
000532	ICED CAFÉ	"40,00"	"158,18"	"174,00"	"1,56"	"79,88"	29/06/2025	"158,18"	"100,00"
000533	BELLAGIO	"3,00"	"11,86"	"13,05"	"0,12"	"80,00"	27/06/2025	"11,86"	"100,00"
000534	LATTE MACCHIATO ALMENDRADO	"5,00"	"16,36"	"18,00"	"0,16"	"80,16"	20/06/2025	"16,36"	"100,00"
000535	LATTE MACCHIATO	"99,00"	"279,00"	"306,90"	"2,75"	"82,91"	30/06/2025	"279,00"	"100,00"
000536	IRLANDES	"5,00"	"22,50"	"24,75"	"0,22"	"83,14"	27/06/2025	"22,50"	"100,00"
000537	ROYAL	"1,00"	"4,50"	"4,95"	"0,04"	"83,18"	13/06/2025	"4,50"	"100,00"
000539	DELUXE	"1,00"	"4,50"	"4,95"	"0,04"	"83,23"	13/06/2025	"4,50"	"100,00"
000671	leche sin lactosa	"120,00"	"0,00"	"0,00"	"0,00"	"83,23"	30/06/2025	"0,00"	"0,00"
000782	descafeinado	"285,00"	"0,00"	"0,00"	"0,00"	"83,23"	30/06/2025	"0,00"	"0,00"
001212	TÉ MORUNO	"12,00"	"29,50"	"32,45"	"0,29"	"83,52"	28/06/2025	"29,50"	"100,00"
001249	VIENES	"2,00"	"4,55"	"5,00"	"0,04"	"83,56"	21/06/2025	"4,55"	"100,00"
001250	BOMBON	"23,00"	"52,27"	"57,50"	"0,52"	"84,08"	29/06/2025	"52,27"	"100,00"
001252	CAPPUCCION VIENESSE	"7,00"	"17,82"	"19,60"	"0,18"	"84,25"	30/06/2025	"17,82"	"100,00"
001254	DIABLO VIENESSE	"3,00"	"7,64"	"8,40"	"0,08"	"84,33"	13/06/2025	"7,64"	"100,00"
001255	CAPPUCCINO INFANTIL	"8,00"	"25,45"	"28,00"	"0,25"	"84,58"	21/06/2025	"25,45"	"100,00"
001265	DESCAF. SOBRE	"52,00"	"104,00"	"114,40"	"1,03"	"85,61"	30/06/2025	"104,00"	"100,00"
001291	TE AMERICANO	"5,00"	"13,41"	"14,75"	"0,13"	"85,74"	28/06/2025	"13,41"	"100,00"
001467	BOWL LECHE	"20,00"	"29,36"	"32,30"	"0,29"	"86,03"	29/06/2025	"29,36"	"100,00"
001555	descafeinado	"31,00"	"0,00"	"0,00"	"0,00"	"86,03"	30/06/2025	"0,00"	"0,00"
001556	hielo	"109,00"	"19,82"	"21,80"	"0,20"	"86,23"	30/06/2025	"19,82"	"100,00"
001622	l.almendras	"2,00"	"0,18"	"0,20"	"0,00"	"86,23"	21/06/2025	"0,18"	"100,00"
001624	l.sin lactosa	"1,00"	"0,00"	"0,00"	"0,00"	"86,23"	15/06/2025	"0,00"	"0,00"
001642	RISTRETTO	"24,00"	"43,64"	"48,00"	"0,43"	"86,66"	27/06/2025	"43,64"	"100,00"
001687	BOMBON DOBLE	"9,00"	"23,73"	"26,10"	"0,23"	"86,89"	29/06/2025	"23,73"	"100,00"
001764	BOWL AVENA	"2,00"	"3,27"	"3,60"	"0,03"	"86,92"	25/06/2025	"3,27"	"100,00"
001765	L. avena	"143,00"	"13,00"	"14,30"	"0,13"	"87,05"	30/06/2025	"13,00"	"100,00"
001794	ESPRESO DOBLE	"133,00"	"302,27"	"332,50"	"2,98"	"90,04"	30/06/2025	"302,27"	"100,00"
001831	Extra Alcohol	"13,00"	"10,05"	"11,05"	"0,10"	"90,14"	24/06/2025	"10,05"	"100,00"
001835	LECHE Y LECHE	"16,00"	"39,27"	"43,20"	"0,39"	"90,52"	30/06/2025	"39,27"	"100,00"
001836	CORTADO DOBLE	"122,00"	"286,00"	"314,60"	"2,82"	"93,35"	30/06/2025	"286,00"	"100,00"
001864	"CAFE, HIELO Y LECHE"	"285,00"	"673,64"	"741,00"	"6,65"	"100,00"	30/06/2025	"673,64"	"100,00"
001925	Sale	"94,00"	"0,00"	"0,00"	"0,00"	"100,00"	30/06/2025	"0,00"	"0,00"
001930	Nube	"41,00"	"0,00"	"0,00"	"0,00"	"100,00"	30/06/2025	"0,00"	"0,00"
001931	Sombra	"42,00"	"0,00"	"0,00"	"0,00"	"100,00"	30/06/2025	"0,00"	"0,00"
001932	Mitad	"328,00"	"0,00"	"0,00"	"0,00"	"100,00"	30/06/2025	"0,00"	"0,00"
001933	Largo	"17,00"	"0,00"	"0,00"	"0,00"	"100,00"	29/06/2025	"0,00"	"0,00"
001934	DOBLE	"6,00"	"0,00"	"0,00"	"0,00"	"100,00"	29/06/2025	"0,00"	"0,00"
001935	AMERICANO	"9,00"	"0,00"	"0,00"	"0,00"	"100,00"	30/06/2025	"0,00"	"0,00"
	DESAYUNOS								
000695	Miel	"4,00"	"0,00"	"0,00"	"0,00"	"0,00"	13/06/2025	"0,00"	"0,00"
001225	cortado	"8,00"	"0,00"	"0,00"	"0,00"	"0,00"	30/06/2025	"0,00"	"0,00"
001462	CHOCAPIC	"12,00"	"17,45"	"19,20"	"0,19"	"0,19"	27/06/2025	"17,45"	"100,00"
001463	BOWL YOGURT	"97,00"	"174,55"	"192,00"	"1,95"	"2,14"	30/06/2025	"174,55"	"100,00"
001464	BOWL SOJA	"1,00"	"1,64"	"1,80"	"0,02"	"2,16"	26/06/2025	"1,64"	"100,00"
001465	BOWL SIN LACTOSA	"1,00"	"1,64"	"1,80"	"0,02"	"2,18"	10/06/2025	"1,64"	"100,00"
001468	FLAKES	"13,00"	"18,91"	"20,80"	"0,21"	"2,39"	29/06/2025	"18,91"	"100,00"
001472	PIPAS	"10,00"	"3,27"	"3,60"	"0,04"	"2,43"	22/06/2025	"3,27"	"100,00"
001479	MIX DE FRUTAS	"50,00"	"22,27"	"24,50"	"0,25"	"2,67"	29/06/2025	"22,27"	"100,00"
001486	CROISSANT	"235,00"	"460,00"	"506,00"	"5,13"	"7,81"	30/06/2025	"460,00"	"100,00"
001487	RUSTICO	"646,00"	"880,91"	"969,00"	"9,83"	"17,63"	30/06/2025	"880,91"	"100,00"
001488	MULTICEREAL	"788,00"	"1.134,55"	"1.248,00"	"12,66"	"30,29"	30/06/2025	"1.134,55"	"100,00"
001489	MOLLETE	"353,00"	"477,27"	"525,00"	"5,32"	"35,62"	30/06/2025	"477,27"	"100,00"
001490	SIN GLUTEN	"65,00"	"118,18"	"130,00"	"1,32"	"36,94"	30/06/2025	"118,18"	"100,00"
001491	MOLDE GRUESO	"47,00"	"76,91"	"84,60"	"0,86"	"37,79"	30/06/2025	"76,91"	"100,00"
001493	ATÚN	"97,00"	"86,36"	"95,00"	"0,96"	"38,76"	30/06/2025	"86,36"	"100,00"
001494	YORK	"65,00"	"41,36"	"45,50"	"0,46"	"39,22"	30/06/2025	"41,36"	"100,00"
001495	JAMÓN IBÉRICO	"274,00"	"618,18"	"680,00"	"6,90"	"46,12"	30/06/2025	"618,18"	"100,00"
001496	BACÓN	"77,00"	"56,00"	"61,60"	"0,62"	"46,74"	30/06/2025	"56,00"	"100,00"
001497	GOUDA	"147,00"	"105,45"	"116,00"	"1,18"	"47,92"	30/06/2025	"105,45"	"100,00"
001498	LOMO AL HORNO	"52,00"	"51,00"	"56,10"	"0,57"	"48,49"	29/06/2025	"51,00"	"100,00"
001499	HUEVO PLANCHA 1H	"213,00"	"190,91"	"210,00"	"2,13"	"50,62"	30/06/2025	"190,91"	"100,00"
001500	YORK + QUESO	"226,00"	"246,55"	"271,20"	"2,75"	"53,37"	30/06/2025	"246,55"	"100,00"
001501	LECHUGA	"99,00"	"8,64"	"9,50"	"0,10"	"53,46"	30/06/2025	"8,64"	"100,00"
001502	CEBOLLA	"40,00"	"7,09"	"7,80"	"0,08"	"53,54"	29/06/2025	"7,09"	"100,00"
001503	TOMATE	"313,00"	"84,27"	"92,70"	"0,94"	"54,48"	30/06/2025	"84,27"	"100,00"
001504	AGUACATE	"482,00"	"389,45"	"428,40"	"4,34"	"58,83"	30/06/2025	"389,45"	"100,00"
001505	ACEITE	"1.130,00"	"512,73"	"564,00"	"5,72"	"64,55"	30/06/2025	"512,73"	"100,00"
001507	EMULSION TOMATE	"844,00"	"381,82"	"420,00"	"4,26"	"68,81"	30/06/2025	"381,82"	"100,00"
001508	MANTEQUILLA	"403,00"	"180,45"	"198,50"	"2,01"	"70,82"	30/06/2025	"180,45"	"100,00"
001510	MIEL	"40,00"	"21,27"	"23,40"	"0,24"	"71,06"	30/06/2025	"21,27"	"100,00"
001512	CHERRY	"7,00"	"1,91"	"2,10"	"0,02"	"71,08"	28/06/2025	"1,91"	"100,00"
001516	HUEVO PLANCHA 2H	"39,00"	"88,64"	"97,50"	"0,99"	"72,07"	30/06/2025	"88,64"	"100,00"
001517	REVUELTO 2H	"87,00"	"197,73"	"217,50"	"2,21"	"74,27"	30/06/2025	"197,73"	"100,00"
001518	TORTILLA  2H	"119,00"	"268,18"	"295,00"	"2,99"	"77,27"	30/06/2025	"268,18"	"100,00"
001528	QUESO FRESCO	"122,00"	"98,18"	"108,00"	"1,10"	"78,36"	30/06/2025	"98,18"	"100,00"
001590	UNIVERSAL	"167,00"	"607,27"	"668,00"	"6,78"	"85,14"	30/06/2025	"607,27"	"100,00"
001636	COUNTRY STORE	"34,00"	"48,00"	"52,80"	"0,54"	"85,67"	30/06/2025	"48,00"	"100,00"
001650	RUCULA	"2,00"	"0,73"	"0,80"	"0,01"	"85,68"	30/06/2025	"0,73"	"100,00"
001715	PAVO	"137,00"	"111,27"	"122,40"	"1,24"	"86,92"	30/06/2025	"111,27"	"100,00"
001739	BACON + QUESO	"149,00"	"174,91"	"192,40"	"1,95"	"88,87"	30/06/2025	"174,91"	"100,00"
001740	PAVO+QUESO	"109,00"	"127,64"	"140,40"	"1,42"	"90,30"	30/06/2025	"127,64"	"100,00"
001741	MERMELADA	"170,00"	"45,55"	"50,10"	"0,51"	"90,81"	30/06/2025	"45,55"	"100,00"
001784	TORTILLA 1H	"58,00"	"79,09"	"87,00"	"0,88"	"91,69"	30/06/2025	"79,09"	"100,00"
001785	REVUELTO 1H	"21,00"	"28,64"	"31,50"	"0,32"	"92,01"	30/06/2025	"28,64"	"100,00"
001786	Pan Rodaja	"46,00"	"25,09"	"27,60"	"0,28"	"92,29"	30/06/2025	"25,09"	"100,00"
001787	BOWL DE FRUTA	"64,00"	"283,50"	"311,85"	"3,16"	"95,45"	30/06/2025	"283,50"	"100,00"
001788	SIROPE CARAMELO	"1,00"	"0,91"	"1,00"	"0,01"	"95,46"	09/06/2025	"0,91"	"100,00"
001790	SIROPE FRESA	"1,00"	"0,91"	"1,00"	"0,01"	"95,47"	14/06/2025	"0,91"	"100,00"
001806	INTEGRAL	"165,00"	"177,82"	"195,60"	"1,98"	"97,45"	30/06/2025	"177,82"	"100,00"
001807	JAMÓN SERRANO	"253,00"	"228,18"	"251,00"	"2,55"	"100,00"	30/06/2025	"228,18"	"100,00"
001938	Fresa	"7,00"	"0,00"	"0,00"	"0,00"	"100,00"	30/06/2025	"0,00"	"0,00"
001939	Melocotón	"7,00"	"0,00"	"0,00"	"0,00"	"100,00"	30/06/2025	"0,00"	"0,00"
	HAMACAS								
000211	HAMACA 	"1.781,00"	"10.303,31"	"12.467,00"	"57,47"	"57,47"	30/06/2025	"10.303,31"	"100,00"
000212	CAMA 1/2 DIA	"49,00"	"1.133,88"	"1.372,00"	"6,32"	"63,79"	30/06/2025	"1.133,88"	"100,00"
000213	CAMA 1 DIA	"98,00"	"2.834,71"	"3.430,00"	"15,81"	"79,60"	30/06/2025	"2.834,71"	"100,00"
001849	SOMBRILLA 	"885,00"	"3.657,02"	"4.425,00"	"20,40"	"100,00"	30/06/2025	"3.657,02"	"100,00"
	BRANDIES Y COGNACS								
000220	TORRES 10	"1,00"	"6,82"	"7,50"	"27,78"	"27,78"	04/06/2025	"6,82"	"100,00"
000225	TORRES 5	"3,00"	"17,73"	"19,50"	"72,22"	"100,00"	15/06/2025	"17,73"	"100,00"
000914	BOTELLA TORRES 10	"0,18"	"0,00"	"0,00"	"0,00"	"100,00"	04/06/2025	"0,00"	"0,00"
000916	BOTELLA TORRES 5	"0,53"	"0,00"	"0,00"	"0,00"	"100,00"	15/06/2025	"0,00"	"0,00"
	VINOS Y CAVAS								
000229	TINTO DE VERANO	"570,00"	"1.528,64"	"1.681,50"	"17,09"	"17,09"	30/06/2025	"1.528,64"	"100,00"
000232	JUVE Y CAMPS BOTELLA	"21,00"	"439,09"	"483,00"	"4,91"	"22,00"	29/06/2025	"439,09"	"100,00"
000242	JUVE Y CAMPS COPA	"75,00"	"269,32"	"296,25"	"3,01"	"25,01"	30/06/2025	"269,32"	"100,00"
000244	TINTO DE VERANO + NARANJA	"3,00"	"6,27"	"6,90"	"0,07"	"25,08"	29/06/2025	"6,27"	"100,00"
000707	CELESTE ROBLE BOTELLA	"1,00"	"16,82"	"18,50"	"0,19"	"25,27"	16/06/2025	"16,82"	"100,00"
000708	CELESTE ROBLE COPA	"53,00"	"168,64"	"185,50"	"1,89"	"27,16"	21/06/2025	"168,64"	"100,00"
000731	BLANCO CASA BOTELLA	"1,00"	"14,55"	"16,00"	"0,16"	"27,32"	08/06/2025	"14,55"	"100,00"
000732	BLANCO CASA COPA	"145,00"	"441,59"	"485,75"	"4,94"	"32,26"	23/06/2025	"441,59"	"100,00"
000792	SANGRIA PEQUEÑA	"155,00"	"556,59"	"612,25"	"6,22"	"38,48"	30/06/2025	"556,59"	"100,00"
000793	SANGRIA JARRA	"156,00"	"670,41"	"811,20"	"7,50"	"45,98"	30/06/2025	"670,41"	"100,00"
000892	BOTANI ESPUMOSO	"4,00"	"69,09"	"76,00"	"0,77"	"46,75"	24/06/2025	"69,09"	"100,00"
001240	LA GUITA COPA	"12,00"	"33,82"	"37,20"	"0,38"	"47,13"	17/06/2025	"33,82"	"100,00"
001317	BOTELLA SEIS+SEIS	"3,00"	"60,00"	"66,00"	"0,67"	"47,80"	29/06/2025	"60,00"	"100,00"
001318	SEIS+SEIS COPA	"30,00"	"105,00"	"115,50"	"1,17"	"48,97"	29/06/2025	"105,00"	"100,00"
001394	JARRA TINTO DE VERANO	"96,00"	"362,73"	"399,00"	"4,06"	"53,03"	30/06/2025	"362,73"	"100,00"
001482	COPA ZUMBRAL	"3,00"	"10,36"	"11,40"	"0,12"	"53,14"	13/06/2025	"10,36"	"100,00"
001621	COPA BOTANI ESPUMOSO	"24,00"	"85,09"	"93,60"	"0,95"	"54,09"	28/06/2025	"85,09"	"100,00"
001742	GODELLO COPA	"35,00"	"116,14"	"127,75"	"1,30"	"55,39"	18/06/2025	"116,14"	"100,00"
001744	SAN VALENTIN COPA	"37,00"	"112,68"	"123,95"	"1,26"	"56,65"	25/06/2025	"112,68"	"100,00"
001745	SAN VALENTIN BOTELLA	"2,00"	"29,09"	"32,00"	"0,33"	"56,98"	19/06/2025	"29,09"	"100,00"
001746	CLOE COPA	"23,00"	"76,32"	"83,95"	"0,85"	"57,83"	30/06/2025	"76,32"	"100,00"
001747	CLOE BOTELLA	"3,00"	"53,18"	"58,50"	"0,59"	"58,43"	22/06/2025	"53,18"	"100,00"
001752	TINTO CASA COPA	"47,00"	"164,50"	"180,95"	"1,84"	"60,27"	29/06/2025	"164,50"	"100,00"
001753	TINTO CASA BOTELLA	"1,00"	"20,00"	"22,00"	"0,22"	"60,49"	10/06/2025	"20,00"	"100,00"
001754	CLOE ROSÉ COPA	"74,00"	"245,55"	"270,10"	"2,75"	"63,23"	30/06/2025	"245,55"	"100,00"
001755	CLOE ROSÉ BOTELLA	"13,00"	"230,45"	"253,50"	"2,58"	"65,81"	25/06/2025	"230,45"	"100,00"
001795	VIÑASOL ROSADO Bot.	"1,00"	"13,45"	"14,80"	"0,15"	"65,96"	22/06/2025	"13,45"	"100,00"
001796	VIÑASOL ROSADO Copa.	"17,00"	"47,91"	"52,70"	"0,54"	"66,50"	22/06/2025	"47,91"	"100,00"
001810	MALPASTOR BOTELLA	"1,00"	"15,00"	"16,50"	"0,17"	"66,67"	10/06/2025	"15,00"	"100,00"
001811	MALPASTOR COPA	"54,00"	"169,36"	"186,30"	"1,89"	"68,56"	30/06/2025	"169,36"	"100,00"
001844	LA MATEO ROSADO BOTELLA	"2,00"	"43,64"	"48,00"	"0,49"	"69,05"	30/06/2025	"43,64"	"100,00"
001857	La Mateo	"2,00"	"52,73"	"58,00"	"0,59"	"69,64"	23/06/2025	"52,73"	"100,00"
001861	Encaste Crianza	"2,00"	"41,82"	"46,00"	"0,47"	"70,10"	21/06/2025	"41,82"	"100,00"
001868	Las Pisadas Copa	"5,00"	"16,59"	"18,25"	"0,19"	"70,29"	29/06/2025	"16,59"	"100,00"
001870	Dusky Sound copa	"5,00"	"15,91"	"17,50"	"0,18"	"70,47"	17/06/2025	"15,91"	"100,00"
001871	Dusky Sound Botella	"7,00"	"95,45"	"105,00"	"1,07"	"71,53"	24/06/2025	"95,45"	"100,00"
001872	62 millas Copa	"37,00"	"122,77"	"135,05"	"1,37"	"72,91"	30/06/2025	"122,77"	"100,00"
001873	62 millas Botella	"1,00"	"16,36"	"18,00"	"0,18"	"73,09"	20/06/2025	"16,36"	"100,00"
001874	Mar de seda copa	"312,00"	"992,73"	"1.092,00"	"11,10"	"84,19"	30/06/2025	"992,73"	"100,00"
001875	Mar de seda Botella	"30,00"	"327,27"	"360,00"	"3,66"	"87,85"	29/06/2025	"327,27"	"100,00"
001876	Camiño dos faros	"1,00"	"16,36"	"18,00"	"0,18"	"88,03"	04/06/2025	"16,36"	"100,00"
001877	Pazos Copa	"87,00"	"249,14"	"274,05"	"2,79"	"90,82"	30/06/2025	"249,14"	"100,00"
001878	Letargo Copa	"8,00"	"24,00"	"26,40"	"0,27"	"91,09"	16/06/2025	"24,00"	"100,00"
001879	Letargo Botella	"8,00"	"116,36"	"128,00"	"1,30"	"92,39"	29/06/2025	"116,36"	"100,00"
001880	3º millenium	"3,00"	"60,00"	"66,00"	"0,67"	"93,06"	14/06/2025	"60,00"	"100,00"
001881	Viernes Copa	"25,00"	"75,00"	"82,50"	"0,84"	"93,90"	30/06/2025	"75,00"	"100,00"
001882	Viernes Botella	"2,00"	"30,00"	"33,00"	"0,34"	"94,23"	28/06/2025	"30,00"	"100,00"
001883	ricipe viana Copa	"2,00"	"5,45"	"6,00"	"0,06"	"94,29"	01/06/2025	"5,45"	"100,00"
001884	Principe Viana Botella	"1,00"	"11,82"	"13,00"	"0,13"	"94,43"	14/06/2025	"11,82"	"100,00"
001889	DOBLE 12	"1,00"	"35,91"	"39,50"	"0,40"	"94,83"	18/06/2025	"35,91"	"100,00"
001891	ALTOS DE TORONA	"5,00"	"79,55"	"87,50"	"0,89"	"95,72"	29/06/2025	"79,55"	"100,00"
001892	TESELA COPA	"3,00"	"9,55"	"10,50"	"0,11"	"95,82"	26/06/2025	"9,55"	"100,00"
001893	TESELA BOTELLA	"2,00"	"24,00"	"26,40"	"0,27"	"96,09"	21/06/2025	"24,00"	"100,00"
001896	PAZOS BOT	"25,00"	"345,45"	"380,00"	"3,86"	"99,95"	29/06/2025	"345,45"	"100,00"
001917	Fino Rama	"1,00"	"4,09"	"4,50"	"0,05"	"100,00"	26/06/2025	"4,09"	"100,00"
001941	con limón	"64,00"	"0,00"	"0,00"	"0,00"	"100,00"	30/06/2025	"0,00"	"0,00"
001942	con casera	"14,00"	"0,00"	"0,00"	"0,00"	"100,00"	30/06/2025	"0,00"	"0,00"
	APERITIVOS Y LICORES								
000247	LICOR DE MANZANA SIN	"2,00"	"8,18"	"9,00"	"0,81"	"0,81"	22/06/2025	"8,18"	"100,00"
000248	LICOR DE MORA SIN	"2,00"	"8,18"	"9,00"	"0,81"	"1,62"	14/06/2025	"8,18"	"100,00"
000252	LICOR DE AVELLANA	"1,00"	"5,00"	"5,50"	"0,50"	"2,12"	24/06/2025	"5,00"	"100,00"
000257	ORUJO DE HIERBAS	"11,00"	"55,00"	"60,50"	"5,45"	"7,57"	28/06/2025	"55,00"	"100,00"
000258	ANIS DULCE	"4,00"	"18,18"	"20,00"	"1,80"	"9,37"	07/06/2025	"18,18"	"100,00"
000262	LICOR 43	"1,00"	"5,00"	"5,50"	"0,50"	"9,86"	15/06/2025	"5,00"	"100,00"
000263	PONCHE CABALLERO	"1,00"	"5,00"	"5,50"	"0,50"	"10,36"	29/06/2025	"5,00"	"100,00"
000264	MARTINI ROJO	"3,00"	"15,00"	"16,50"	"1,49"	"11,84"	29/06/2025	"15,00"	"100,00"
000265	MARTINI BLANCO	"12,00"	"60,00"	"66,00"	"5,94"	"17,79"	30/06/2025	"60,00"	"100,00"
000266	AMARETTO	"11,00"	"55,00"	"60,50"	"5,45"	"23,24"	24/06/2025	"55,00"	"100,00"
000268	TIA MARÍA	"1,00"	"5,00"	"5,50"	"0,50"	"23,73"	01/06/2025	"5,00"	"100,00"
000270	BAILEYS	"41,00"	"205,00"	"225,50"	"20,31"	"44,04"	30/06/2025	"205,00"	"100,00"
000275	COINTREAU	"4,00"	"20,00"	"22,00"	"1,98"	"46,03"	13/06/2025	"20,00"	"100,00"
000277	JAGERMEISTER	"2,00"	"10,00"	"11,00"	"0,99"	"47,02"	25/06/2025	"10,00"	"100,00"
000280	CAMPARI	"5,00"	"25,00"	"27,50"	"2,48"	"49,49"	30/06/2025	"25,00"	"100,00"
000283	TEQUILA JOSE CUERVO	"13,00"	"82,73"	"91,00"	"8,20"	"57,69"	25/06/2025	"82,73"	"100,00"
000299	ORUJO CREMA	"6,00"	"30,00"	"33,00"	"2,97"	"60,66"	22/06/2025	"30,00"	"100,00"
000765	VERMOUTH DE LA CASA	"3,00"	"15,00"	"16,50"	"1,49"	"62,15"	09/06/2025	"15,00"	"100,00"
000851	Pacharan Otaola	"25,00"	"113,64"	"137,50"	"11,26"	"73,41"	28/06/2025	"113,64"	"100,00"
001091	BOTELLA AMARETO	"1,38"	"0,00"	"0,00"	"0,00"	"73,41"	24/06/2025	"0,00"	"0,00"
001097	BOTELLA BAILEYS	"4,88"	"0,00"	"0,00"	"0,00"	"73,41"	30/06/2025	"0,00"	"0,00"
001103	BOTELLA CAMPARI	"0,38"	"0,00"	"0,00"	"0,00"	"73,41"	30/06/2025	"0,00"	"0,00"
001106	BOTELLA COINTREAU	"0,50"	"0,00"	"0,00"	"0,00"	"73,41"	13/06/2025	"0,00"	"0,00"
001112	BOTELLA JAGERMEISTER	"0,25"	"0,00"	"0,00"	"0,00"	"73,41"	25/06/2025	"0,00"	"0,00"
001116	BOTELLA LICOR 43	"0,13"	"0,00"	"0,00"	"0,00"	"73,41"	15/06/2025	"0,00"	"0,00"
001127	BOTELLA MARTINI BLANCO	"1,50"	"0,00"	"0,00"	"0,00"	"73,41"	30/06/2025	"0,00"	"0,00"
001129	BOTELLA MARTINI ROJO	"0,38"	"0,00"	"0,00"	"0,00"	"73,41"	29/06/2025	"0,00"	"0,00"
001147	BOTELLA PONCHE CABALLERO	"0,13"	"0,00"	"0,00"	"0,00"	"73,41"	29/06/2025	"0,00"	"0,00"
001162	BOTELLA TEQUILA JOSE CUERVO	"1,50"	"0,00"	"0,00"	"0,00"	"73,41"	25/06/2025	"0,00"	"0,00"
001164	BOTELLA TIA MARIA	"0,13"	"0,00"	"0,00"	"0,00"	"73,41"	01/06/2025	"0,00"	"0,00"
001759	LIMONCELLO	"5,00"	"25,00"	"27,50"	"2,48"	"75,88"	30/06/2025	"25,00"	"100,00"
001848	VERMOUTH GUERRA	"45,00"	"243,41"	"267,75"	"24,12"	"100,00"	30/06/2025	"243,41"	"100,00"
	WHISKIES								
000302	WHITE LABEL	"13,00"	"88,64"	"97,50"	"8,25"	"8,25"	29/06/2025	"88,64"	"100,00"
000304	CUTTY SARK	"3,00"	"20,45"	"22,50"	"1,90"	"10,16"	29/06/2025	"20,45"	"100,00"
000306	DYC 8	"11,00"	"75,00"	"82,50"	"6,98"	"17,14"	29/06/2025	"75,00"	"100,00"
000308	JAMESON	"31,00"	"211,36"	"232,50"	"19,68"	"36,82"	29/06/2025	"211,36"	"100,00"
000317	CARDHU	"1,00"	"9,95"	"10,95"	"0,93"	"37,75"	24/06/2025	"9,95"	"100,00"
000318	JOHNNY WALKER BLACK	"9,00"	"81,41"	"89,55"	"7,58"	"45,33"	22/06/2025	"81,41"	"100,00"
000319	J&B	"9,00"	"61,36"	"67,50"	"5,71"	"51,04"	29/06/2025	"61,36"	"100,00"
000322	JOHNNY WALKER RED	"18,00"	"125,45"	"138,00"	"11,68"	"62,72"	28/06/2025	"125,45"	"100,00"
000324	JACK DANIELS	"12,00"	"87,27"	"96,00"	"8,13"	"70,84"	30/06/2025	"87,27"	"100,00"
000325	FOUR ROSES	"7,00"	"50,91"	"56,00"	"4,74"	"75,58"	29/06/2025	"50,91"	"100,00"
000328	SOUTHERN COMFORT	"2,00"	"13,64"	"15,00"	"1,27"	"76,85"	15/06/2025	"13,64"	"100,00"
001604	MACALLAN 12	"3,00"	"40,91"	"45,00"	"3,81"	"80,66"	21/06/2025	"40,91"	"100,00"
001684	BALLANTINES	"27,00"	"184,09"	"202,50"	"17,14"	"97,80"	27/06/2025	"184,09"	"100,00"
001696	JAMESON BLACK BARREL	"1,00"	"9,95"	"10,95"	"0,93"	"98,73"	26/06/2025	"9,95"	"100,00"
001821	HIBIKI	"1,00"	"13,64"	"15,00"	"1,27"	"100,00"	27/06/2025	"13,64"	"100,00"
	VODKAS								
000363	STOLICHNAYA	"1,00"	"6,82"	"7,50"	"3,57"	"3,57"	01/06/2025	"6,82"	"100,00"
000364	SMIRNOFF	"1,00"	"6,82"	"7,50"	"3,57"	"7,14"	27/06/2025	"6,82"	"100,00"
001685	ABSOLUT	"26,00"	"177,27"	"195,00"	"92,86"	"100,00"	29/06/2025	"177,27"	"100,00"
	"COCKTAILS, ZUMOS Y BATIDOS"								
000006	ZUMO NARANJA NAT. (Desay.)	"539,00"	"1.426,73"	"1.569,40"	"11,05"	"11,05"	30/06/2025	"1.426,73"	"100,00"
000378	CARIBEÑO	"33,00"	"165,00"	"181,50"	"1,28"	"12,32"	28/06/2025	"165,00"	"100,00"
000379	LA CHANCLA	"55,00"	"297,50"	"327,25"	"2,30"	"14,63"	30/06/2025	"297,50"	"100,00"
000380	ANTIOXIDANTE	"61,00"	"305,00"	"335,50"	"2,36"	"16,99"	30/06/2025	"305,00"	"100,00"
000381	MOJITO	"325,00"	"2.511,36"	"2.762,50"	"19,45"	"36,43"	30/06/2025	"2.511,36"	"100,00"
000382	DAIKIRI ORIGINAL	"7,00"	"54,09"	"59,50"	"0,42"	"36,85"	27/06/2025	"54,09"	"100,00"
000383	CAIPIRIÑA	"30,00"	"231,82"	"255,00"	"1,79"	"38,65"	29/06/2025	"231,82"	"100,00"
000384	PIÑA COLADA	"105,00"	"854,32"	"939,75"	"6,61"	"45,26"	30/06/2025	"854,32"	"100,00"
000385	SAN FRANCISCO	"37,00"	"200,14"	"220,15"	"1,55"	"46,81"	30/06/2025	"200,14"	"100,00"
000386	LIMÓN Y ALGO	"21,00"	"105,00"	"115,50"	"0,81"	"47,63"	29/06/2025	"105,00"	"100,00"
000392	BLODY MARY	"24,00"	"173,45"	"190,80"	"1,34"	"48,97"	24/06/2025	"173,45"	"100,00"
000393	APEROL SPRITZ	"297,00"	"1.755,00"	"1.930,50"	"13,59"	"62,56"	29/06/2025	"1.755,00"	"100,00"
000394	MARGARITA	"65,00"	"502,27"	"552,50"	"3,89"	"66,45"	30/06/2025	"502,27"	"100,00"
000395	DAIKIRI DE FRESA	"42,00"	"324,55"	"357,00"	"2,51"	"68,96"	29/06/2025	"324,55"	"100,00"
000396	MORENITO	"23,00"	"115,00"	"126,50"	"0,89"	"69,85"	30/06/2025	"115,00"	"100,00"
000397	MOJITO SIN	"74,00"	"400,27"	"440,30"	"3,10"	"72,95"	30/06/2025	"400,27"	"100,00"
000398	COCKTAIL DE CAVA	"1,00"	"9,05"	"9,95"	"0,07"	"73,02"	15/06/2025	"9,05"	"100,00"
000399	FLY ME TO THE MOON	"15,00"	"115,91"	"127,50"	"0,90"	"73,92"	28/06/2025	"115,91"	"100,00"
000400	TOM COLLINS	"6,00"	"46,36"	"51,00"	"0,36"	"74,28"	29/06/2025	"46,36"	"100,00"
000401	VITAMINICO	"50,00"	"245,00"	"269,50"	"1,90"	"76,17"	30/06/2025	"245,00"	"100,00"
000715	MOJITO FRESA SIN	"53,00"	"286,68"	"315,35"	"2,22"	"78,39"	30/06/2025	"286,68"	"100,00"
000740	MOJITO FRESA	"45,00"	"347,73"	"382,50"	"2,69"	"81,09"	29/06/2025	"347,73"	"100,00"
000741	DAIKIRI FRESA SIN	"25,00"	"135,23"	"148,75"	"1,05"	"82,13"	29/06/2025	"135,23"	"100,00"
000742	VIRGIN MARY	"5,00"	"25,00"	"27,50"	"0,19"	"82,33"	28/06/2025	"25,00"	"100,00"
000776	ZUMO NARANJA NATURAL GRANDE	"132,00"	"500,18"	"550,20"	"3,87"	"86,20"	30/06/2025	"500,18"	"100,00"
000778	PUESTA DE SOL	"39,00"	"195,00"	"214,50"	"1,51"	"87,71"	30/06/2025	"195,00"	"100,00"
000783	DETOX	"14,00"	"82,73"	"91,00"	"0,64"	"88,35"	30/06/2025	"82,73"	"100,00"
000784	CAIPIROSKA	"2,00"	"11,27"	"12,40"	"0,09"	"88,44"	28/06/2025	"11,27"	"100,00"
000785	CAIPIRIÑA DE FRESA	"6,00"	"46,36"	"51,00"	"0,36"	"88,80"	29/06/2025	"46,36"	"100,00"
000807	LIMONADA 100%	"79,00"	"301,64"	"331,80"	"2,34"	"91,13"	30/06/2025	"301,64"	"100,00"
001177	ZUMO DE TEMPORADA	"16,00"	"80,00"	"88,00"	"0,62"	"91,75"	26/06/2025	"80,00"	"100,00"
001178	BATIDO DE CHOCOLATE	"11,00"	"58,00"	"63,80"	"0,45"	"92,20"	29/06/2025	"58,00"	"100,00"
001269	BATIDO DE VAINILLA	"21,00"	"110,73"	"121,80"	"0,86"	"93,06"	29/06/2025	"110,73"	"100,00"
001270	BATIDO DE FRESA	"15,00"	"79,09"	"87,00"	"0,61"	"93,67"	30/06/2025	"79,09"	"100,00"
001271	BATIDO DE TURRON	"7,00"	"36,91"	"40,60"	"0,29"	"93,96"	29/06/2025	"36,91"	"100,00"
001273	ESPRESSO MARTINI	"29,00"	"183,23"	"201,55"	"1,42"	"95,37"	28/06/2025	"183,23"	"100,00"
001274	WHITE RUSSIAN	"4,00"	"25,27"	"27,80"	"0,20"	"95,57"	28/06/2025	"25,27"	"100,00"
001275	ORANGE	"3,00"	"17,73"	"19,50"	"0,14"	"95,71"	12/06/2025	"17,73"	"100,00"
001277	AFRODISIACO	"4,00"	"25,27"	"27,80"	"0,20"	"95,90"	13/06/2025	"25,27"	"100,00"
001286	nata	"8,00"	"3,64"	"4,00"	"0,03"	"95,93"	29/06/2025	"3,64"	"100,00"
001564	Aguacate	"1,00"	"0,00"	"0,00"	"0,00"	"95,93"	10/06/2025	"0,00"	"0,00"
001830	PIÑA COLADA SIN	"78,00"	"421,91"	"464,10"	"3,27"	"99,20"	30/06/2025	"421,91"	"100,00"
001885	Negroni	"11,00"	"75,00"	"82,50"	"0,58"	"99,78"	29/06/2025	"75,00"	"100,00"
001924	Crodino	"7,00"	"28,64"	"31,50"	"0,22"	"100,00"	21/06/2025	"28,64"	"100,00"
001926	croqueta aperol	"41,00"	"0,00"	"0,00"	"0,00"	"100,00"	28/06/2025	"0,00"	"0,00"
	RON								
000408	CACIQUE	"8,00"	"54,55"	"60,00"	"3,16"	"3,16"	30/06/2025	"54,55"	"100,00"
000411	BARCELO AÑEJO	"104,00"	"754,36"	"829,80"	"43,68"	"46,84"	29/06/2025	"754,36"	"100,00"
000413	BARCELO IMPERIAL	"7,00"	"63,32"	"69,65"	"3,67"	"50,50"	27/06/2025	"63,32"	"100,00"
000414	PAMPERO ESPECIAL	"1,00"	"6,36"	"7,00"	"0,37"	"50,87"	21/06/2025	"6,36"	"100,00"
000417	BRUGAL	"29,00"	"197,73"	"217,50"	"11,45"	"62,32"	28/06/2025	"197,73"	"100,00"
000419	SANTA TERESA AÑEJO	"14,00"	"88,45"	"97,30"	"5,12"	"67,44"	20/06/2025	"88,45"	"100,00"
000421	CAPITAN MORGAN	"3,00"	"20,45"	"22,50"	"1,18"	"68,63"	22/06/2025	"20,45"	"100,00"
000437	ZACAPA 23	"4,00"	"49,09"	"54,00"	"2,84"	"71,47"	10/06/2025	"49,09"	"100,00"
000438	BACARDI 8	"0,00"	"0,00"	"0,00"	"0,00"	"71,47"	14/06/2025	"0,00"	"0,00"
000446	BACARDI	"13,00"	"88,64"	"97,50"	"5,13"	"76,60"	29/06/2025	"88,64"	"100,00"
000449	MATUSALEN 15	"1,00"	"8,64"	"9,50"	"0,50"	"77,10"	14/06/2025	"8,64"	"100,00"
000453	LEGENDARIO ELIXIR (7)	"32,00"	"232,73"	"256,00"	"13,48"	"90,58"	29/06/2025	"232,73"	"100,00"
000466	AREHUCAS	"1,00"	"5,91"	"6,50"	"0,34"	"90,92"	14/06/2025	"5,91"	"100,00"
000477	MATUSALEN 7	"9,00"	"69,55"	"76,50"	"4,03"	"94,95"	09/06/2025	"69,55"	"100,00"
000843	BOTELLA BARCELO	"13,88"	"0,00"	"0,00"	"0,00"	"94,95"	29/06/2025	"0,00"	"0,00"
001044	BOTELLA BARCELO IMPERIAL	"0,02"	"0,00"	"0,00"	"0,00"	"94,95"	28/06/2025	"0,00"	"0,00"
001686	HAVANA 7 AÑOS	"9,00"	"77,73"	"85,50"	"4,50"	"99,45"	18/06/2025	"77,73"	"100,00"
001854	Dos maderas 5+5	"1,00"	"9,55"	"10,50"	"0,55"	"100,00"	13/06/2025	"9,55"	"100,00"
	GINEBRAS								
000506	BOMBAY SAPPHIRE	"16,00"	"124,09"	"136,50"	"2,85"	"2,85"	30/06/2025	"124,09"	"100,00"
000508	TANQUERAY	"66,00"	"451,82"	"497,00"	"10,38"	"13,23"	29/06/2025	"451,82"	"100,00"
000509	LARIOS	"72,00"	"458,64"	"504,50"	"10,53"	"23,76"	29/06/2025	"458,64"	"100,00"
000514	HENDRICKS	"21,00"	"201,82"	"222,00"	"4,64"	"28,39"	30/06/2025	"201,82"	"100,00"
000515	NORDES	"21,00"	"182,27"	"200,50"	"4,19"	"32,58"	28/06/2025	"182,27"	"100,00"
000516	LARIOS 12	"113,00"	"771,36"	"848,50"	"17,72"	"50,30"	30/06/2025	"771,36"	"100,00"
000519	MOMBASA	"1,00"	"8,64"	"9,50"	"0,20"	"50,49"	14/06/2025	"8,64"	"100,00"
000522	MARTIN MILLERS	"20,00"	"173,18"	"190,50"	"3,98"	"54,47"	23/06/2025	"173,18"	"100,00"
000595	BROCKMANS	"8,00"	"77,73"	"85,50"	"1,79"	"56,26"	27/06/2025	"77,73"	"100,00"
000606	BULL DOG	"5,00"	"36,14"	"39,75"	"0,83"	"57,09"	26/06/2025	"36,14"	"100,00"
000625	MONKEY 47	"6,00"	"92,45"	"101,70"	"2,12"	"59,21"	29/06/2025	"92,45"	"100,00"
000836	Botella Larios 12	"0,28"	"0,00"	"0,00"	"0,00"	"59,21"	30/06/2025	"0,00"	"0,00"
001202	LARIOS ROSE	"26,00"	"177,27"	"195,00"	"4,07"	"63,28"	29/06/2025	"177,27"	"100,00"
001608	ROKU	"1,00"	"8,18"	"9,00"	"0,19"	"63,47"	25/06/2025	"8,18"	"100,00"
001682	BEEFETER	"109,00"	"745,00"	"819,50"	"17,11"	"80,58"	30/06/2025	"745,00"	"100,00"
001683	SEAGRANS	"109,00"	"744,09"	"818,50"	"17,09"	"97,67"	29/06/2025	"744,09"	"100,00"
001775	"SEAGRAMS 0,0"	"16,00"	"101,55"	"111,70"	"2,33"	"100,00"	28/06/2025	"101,55"	"100,00"
	HONESTIDAD								
001287	COMBINADOS HONEST.	"29,00"	"121,27"	"133,40"	"38,98"	"38,98"	28/06/2025	"121,27"	"100,00"
001288	CERVEZA HONEST.	"64,00"	"113,45"	"124,80"	"36,47"	"75,45"	30/06/2025	"113,45"	"100,00"
001289	HONEST. REFRES./ ZUMOS /AGUA	"57,00"	"76,36"	"84,00"	"24,55"	"100,00"	27/06/2025	"76,36"	"100,00"
	TIENDA								
001355	CAFE DE BRASIL 250gr	"3,00"	"21,82"	"24,00"	"17,65"	"17,65"	23/06/2025	"21,82"	"100,00"
001356	CAFÉ DE COLOMBIA 250gr	"6,00"	"43,64"	"48,00"	"35,29"	"52,94"	23/06/2025	"43,64"	"100,00"
001359	CAFE DE NICARAGUA 250gr	"2,00"	"14,55"	"16,00"	"11,77"	"64,71"	23/06/2025	"14,55"	"100,00"
001362	CAFE DE LA CHANCLA 250gr	"6,00"	"43,64"	"48,00"	"35,29"	"100,00"	23/06/2025	"43,64"	"100,00"
	SUGERENCIAS								
000822	VARIOS	"19,00"	"153,23"	"168,55"	"100,00"	"100,00"	27/06/2025	"153,23"	"100,00"
	Sin Familias								
001937	cortado doble	"1,00"	"0,00"	"0,00"	"0,00"	"0,00"	28/06/2025	"0,00"	"0,00"