ABC de Ventas     Del 01/01/2025 al 30/09/2025	ABC de Ventas     Del 01/01/2025 al 30/09/2025	ABC de Ventas     Del 01/01/2025 al 30/09/2025	ABC de Ventas     Del 01/01/2025 al 30/09/2025	ABC de Ventas     Del 01/01/2025 al 30/09/2025	ABC de Ventas     Del 01/01/2025 al 30/09/2025	ABC de Ventas     Del 01/01/2025 al 30/09/2025	ABC de Ventas     Del 01/01/2025 al 30/09/2025	ABC de Ventas     Del 01/01/2025 al 30/09/2025	ABC de Ventas     Del 01/01/2025 al 30/09/2025
Código	Descripción	Unidades	Importe Total	Importe Total  I.I.	% Venta	% Acumu.	Fecha Ult.Vta.	Beneficio B.I.	% Ben.
000211	HAMACA 	"8.814,00"	"50.943,80"	"61.642,00"	"4,98"	"4,98"	30/09/2025	"50.943,80"	"100,00"
000149	CAFÉ CON LECHE	"19.151,00"	"39.653,73"	"43.619,10"	"3,88"	"8,86"	30/09/2025	"39.653,73"	"100,00"
000754	CAÑITA 5 ESTRELLAS	"11.494,00"	"26.956,27"	"29.651,90"	"2,63"	"11,49"	30/09/2025	"26.956,27"	"100,00"
000109	BURGUER LA CHANCLA	"1.655,00"	"20.693,45"	"22.762,80"	"2,02"	"13,51"	30/09/2025	"20.693,45"	"100,00"
000129	MAHOU 33CL	"7.082,00"	"20.278,41"	"22.306,25"	"1,98"	"15,50"	30/09/2025	"20.278,41"	"100,00"
000755	JARRA 5 ESTRELLAS	"5.012,00"	"19.599,14"	"21.559,05"	"1,92"	"17,41"	30/09/2025	"19.599,14"	"100,00"
001849	SOMBRILLA 	"4.330,00"	"17.880,17"	"21.635,00"	"1,75"	"19,16"	30/09/2025	"17.880,17"	"100,00"
000727	WOK  POLLO	"1.427,00"	"17.194,00"	"18.913,40"	"1,68"	"20,84"	30/09/2025	"17.194,00"	"100,00"
001805	PESCADO PLANCHA	"1.214,00"	"17.077,55"	"18.785,30"	"1,67"	"22,51"	30/09/2025	"17.077,55"	"100,00"
001663	ALHAMBRA 1925	"5.154,00"	"16.921,09"	"18.613,20"	"1,65"	"24,16"	30/09/2025	"16.921,09"	"100,00"
001792	Bot. Agua Solan 50cl	"8.734,00"	"16.629,32"	"18.292,25"	"1,63"	"25,79"	30/09/2025	"16.629,32"	"100,00"
000213	CAMA 1 DIA	"562,00"	"16.256,20"	"19.670,00"	"1,59"	"27,38"	28/09/2025	"16.256,20"	"100,00"
000100	SANDWICH CLUB	"1.454,00"	"16.079,36"	"17.687,30"	"1,57"	"28,95"	30/09/2025	"16.079,36"	"100,00"
001660	NACHOS GOURMET	"1.298,00"	"14.504,00"	"15.954,40"	"1,42"	"30,37"	30/09/2025	"14.504,00"	"100,00"
000381	MOJITO	"1.764,00"	"13.408,91"	"14.749,80"	"1,31"	"31,68"	30/09/2025	"13.408,91"	"100,00"
000772	CROQUETAS	"1.113,00"	"12.212,14"	"13.433,35"	"1,19"	"32,87"	30/09/2025	"12.212,14"	"100,00"
001791	Bot. Agua Solan Con Gas 33cl	"5.576,00"	"12.181,82"	"13.400,00"	"1,19"	"34,06"	30/09/2025	"12.181,82"	"100,00"
000656	BRAVAS	"1.398,00"	"12.090,18"	"13.299,20"	"1,18"	"35,24"	30/09/2025	"12.090,18"	"100,00"
000006	ZUMO NARANJA NAT. (Desay.)	"4.459,00"	"11.724,91"	"12.897,40"	"1,15"	"36,39"	30/09/2025	"11.724,91"	"100,00"
000093	ENSALADA CABRA	"993,00"	"11.644,23"	"12.808,65"	"1,14"	"37,53"	30/09/2025	"11.644,23"	"100,00"
001389	WOK SALMON	"869,00"	"11.414,14"	"12.555,55"	"1,12"	"38,64"	30/09/2025	"11.414,14"	"100,00"
000092	ENSALADA CESAR	"914,00"	"10.784,91"	"11.863,40"	"1,05"	"39,70"	30/09/2025	"10.784,91"	"100,00"
001799	POLLO CAJÚN	"1.163,00"	"10.519,86"	"11.571,85"	"1,03"	"40,73"	30/09/2025	"10.519,86"	"100,00"
001804	LOMO ALTO	"547,00"	"10.417,86"	"11.459,65"	"1,02"	"41,74"	30/09/2025	"10.417,86"	"100,00"
000393	APEROL SPRITZ	"1.726,00"	"10.193,18"	"11.212,50"	"1,00"	"42,74"	30/09/2025	"10.193,18"	"100,00"
001711	CRISPY CHICKEN	"1.117,00"	"10.103,77"	"11.114,15"	"0,99"	"43,73"	30/09/2025	"10.103,77"	"100,00"
001488	MULTICEREAL	"6.795,00"	"9.805,09"	"10.785,60"	"0,96"	"44,69"	30/09/2025	"9.805,09"	"100,00"
001800	BASTONES DE BONIATO	"1.497,00"	"9.435,59"	"10.379,15"	"0,92"	"45,61"	30/09/2025	"9.435,59"	"100,00"
000229	TINTO DE VERANO	"3.513,00"	"8.993,09"	"9.892,40"	"0,88"	"46,49"	30/09/2025	"8.993,09"	"100,00"
001200	TARTAR DE ATUN ROJO	"599,00"	"8.959,14"	"9.855,05"	"0,88"	"47,36"	28/09/2025	"8.959,14"	"100,00"
001768	COSTILLA DE CERDO	"634,00"	"8.896,64"	"9.786,30"	"0,87"	"48,23"	30/09/2025	"8.896,64"	"100,00"
000876	ENSALADILLA RUSA	"778,00"	"8.837,32"	"9.721,05"	"0,86"	"49,10"	30/09/2025	"8.837,32"	"100,00"
000095	ENSALADA TEMPLADA	"698,00"	"8.610,91"	"9.472,00"	"0,84"	"49,94"	30/09/2025	"8.610,91"	"100,00"
000153	CAPPUCCINO ITALIANO	"3.590,00"	"8.424,00"	"9.266,40"	"0,82"	"50,76"	30/09/2025	"8.424,00"	"100,00"
000769	TATAKI DE ATÚN	"499,00"	"8.401,86"	"9.242,05"	"0,82"	"51,58"	30/09/2025	"8.401,86"	"100,00"
000003	COLA ZERO	"4.631,00"	"8.281,82"	"9.110,00"	"0,81"	"52,39"	30/09/2025	"8.281,82"	"100,00"
001386	ENSALADA REFRESCANTE	"686,00"	"8.162,95"	"8.979,25"	"0,80"	"53,19"	30/09/2025	"8.162,95"	"100,00"
001487	RUSTICO	"5.983,00"	"8.108,18"	"8.919,00"	"0,79"	"53,98"	30/09/2025	"8.108,18"	"100,00"
000771	MINI-BURGUER CASERA TERNERA	"1.333,00"	"7.906,68"	"8.697,35"	"0,77"	"54,76"	30/09/2025	"7.906,68"	"100,00"
000103	POLLO TIKA MASSALA	"714,00"	"7.510,00"	"8.261,00"	"0,73"	"55,49"	30/09/2025	"7.510,00"	"100,00"
000384	PIÑA COLADA	"903,00"	"7.134,41"	"7.847,85"	"0,70"	"56,19"	30/09/2025	"7.134,41"	"100,00"
000822	VARIOS	"440,00"	"6.713,64"	"7.385,00"	"0,66"	"56,84"	28/09/2025	"6.713,64"	"100,00"
000156	TÉ	"2.804,00"	"6.322,73"	"6.955,00"	"0,62"	"57,46"	30/09/2025	"6.322,73"	"100,00"
001590	UNIVERSAL	"1.738,00"	"6.269,09"	"6.896,00"	"0,61"	"58,07"	30/09/2025	"6.269,09"	"100,00"
001682	BEEFETER	"941,00"	"6.231,36"	"6.854,50"	"0,61"	"58,68"	28/09/2025	"6.231,36"	"100,00"
001235	VERDEO COPA	"2.032,00"	"6.179,23"	"6.797,15"	"0,60"	"59,29"	25/05/2025	"6.179,23"	"100,00"
001495	JAMÓN IBÉRICO	"2.712,00"	"6.097,73"	"6.707,50"	"0,60"	"59,88"	30/09/2025	"6.097,73"	"100,00"
000776	ZUMO NARANJA NATURAL GRANDE	"1.570,00"	"5.770,95"	"6.348,05"	"0,56"	"60,45"	30/09/2025	"5.770,95"	"100,00"
000001	COCACOLA	"4.075,00"	"5.741,50"	"6.315,65"	"0,56"	"61,01"	30/09/2025	"5.741,50"	"100,00"
000106	MINI-TORTILLA	"900,00"	"5.686,36"	"6.255,00"	"0,56"	"61,57"	30/09/2025	"5.686,36"	"100,00"
000411	BARCELO AÑEJO	"799,00"	"5.664,14"	"6.230,55"	"0,55"	"62,12"	29/09/2025	"5.664,14"	"100,00"
001683	SEAGRANS	"848,00"	"5.634,09"	"6.197,50"	"0,55"	"62,67"	29/09/2025	"5.634,09"	"100,00"
000121	"HUEVOS, PATATAS, SETAS TRUFA"	"462,00"	"5.497,18"	"6.046,90"	"0,54"	"63,21"	30/09/2025	"5.497,18"	"100,00"
000212	CAMA 1/2 DIA	"231,00"	"5.276,03"	"6.384,00"	"0,52"	"63,72"	30/09/2025	"5.276,03"	"100,00"
000176	AMERICANO	"3.009,00"	"5.265,64"	"5.792,20"	"0,51"	"64,24"	30/09/2025	"5.265,64"	"100,00"
001817	SUG_6 14.95	"388,00"	"5.263,50"	"5.789,85"	"0,51"	"64,75"	30/09/2025	"5.263,50"	"100,00"
001808	"MAHOU 0,0 TOSTADA"	"1.818,00"	"5.093,55"	"5.602,90"	"0,50"	"65,25"	30/09/2025	"5.093,55"	"100,00"
000148	ESPRESSO	"2.864,00"	"5.059,82"	"5.565,80"	"0,49"	"65,74"	30/09/2025	"5.059,82"	"100,00"
001874	Mar de seda copa	"1.561,00"	"4.966,82"	"5.463,50"	"0,49"	"66,23"	30/09/2025	"4.966,82"	"100,00"
000170	CAFÉ CON HIELO	"2.252,00"	"4.706,64"	"5.177,30"	"0,46"	"66,69"	30/09/2025	"4.706,64"	"100,00"
001489	MOLLETE	"3.450,00"	"4.684,09"	"5.152,50"	"0,46"	"67,15"	30/09/2025	"4.684,09"	"100,00"
000108	MENU INFANTIL	"597,00"	"4.613,18"	"5.074,50"	"0,45"	"67,60"	30/09/2025	"4.613,18"	"100,00"
000753	AGUA PARA LLEVAR 0.50 L	"2.385,00"	"4.494,23"	"4.943,65"	"0,44"	"68,04"	30/09/2025	"4.494,23"	"100,00"
000509	LARIOS	"731,00"	"4.491,82"	"4.941,00"	"0,44"	"68,48"	30/09/2025	"4.491,82"	"100,00"
001505	ACEITE	"9.899,00"	"4.480,45"	"4.928,50"	"0,44"	"68,91"	30/09/2025	"4.480,45"	"100,00"
000793	SANGRIA JARRA	"1.033,00"	"4.390,99"	"5.313,10"	"0,43"	"69,34"	30/09/2025	"4.390,99"	"100,00"
001486	CROISSANT	"2.195,00"	"4.314,00"	"4.745,40"	"0,42"	"69,77"	30/09/2025	"4.314,00"	"100,00"
000131	CORONITAS	"1.289,00"	"4.269,73"	"4.696,70"	"0,42"	"70,18"	29/09/2025	"4.269,73"	"100,00"
001242	PIMIENTOS DEL PADRON	"674,00"	"4.258,45"	"4.684,30"	"0,42"	"70,60"	30/09/2025	"4.258,45"	"100,00"
001816	SUG_5 13.95	"331,00"	"4.197,68"	"4.617,45"	"0,41"	"71,01"	30/09/2025	"4.197,68"	"100,00"
000394	MARGARITA	"504,00"	"3.799,55"	"4.179,50"	"0,37"	"71,38"	28/09/2025	"3.799,55"	"100,00"
000508	TANQUERAY	"571,00"	"3.790,45"	"4.169,50"	"0,37"	"71,75"	30/09/2025	"3.790,45"	"100,00"
000516	LARIOS 12	"562,00"	"3.734,09"	"4.107,50"	"0,36"	"72,12"	29/09/2025	"3.734,09"	"100,00"
001864	"CAFE, HIELO Y LECHE"	"1.583,00"	"3.728,91"	"4.101,80"	"0,36"	"72,48"	30/09/2025	"3.728,91"	"100,00"
001371	BROWNIE CLASICO	"596,00"	"3.636,18"	"3.999,80"	"0,36"	"72,84"	28/09/2025	"3.636,18"	"100,00"
001798	REBANÁ	"400,00"	"3.618,18"	"3.980,00"	"0,35"	"73,19"	30/09/2025	"3.618,18"	"100,00"
001504	AGUACATE	"4.350,00"	"3.525,55"	"3.878,10"	"0,34"	"73,53"	30/09/2025	"3.525,55"	"100,00"
000792	SANGRIA PEQUEÑA	"1.011,00"	"3.511,73"	"3.862,90"	"0,34"	"73,88"	30/09/2025	"3.511,73"	"100,00"
001507	EMULSION TOMATE	"7.712,00"	"3.483,64"	"3.832,00"	"0,34"	"74,22"	30/09/2025	"3.483,64"	"100,00"
001617	WOK VEGANO	"366,00"	"3.324,55"	"3.657,00"	"0,32"	"74,54"	29/09/2025	"3.324,55"	"100,00"
000242	JUVE Y CAMPS COPA	"928,00"	"3.318,00"	"3.649,80"	"0,32"	"74,87"	30/09/2025	"3.318,00"	"100,00"
000708	CELESTE ROBLE COPA	"1.031,00"	"3.280,45"	"3.608,50"	"0,32"	"75,19"	21/06/2025	"3.280,45"	"100,00"
001794	ESPRESO DOBLE	"1.555,00"	"3.270,82"	"3.597,90"	"0,32"	"75,51"	30/09/2025	"3.270,82"	"100,00"
000171	CORTADO	"1.813,00"	"3.266,18"	"3.592,80"	"0,32"	"75,83"	30/09/2025	"3.266,18"	"100,00"
000380	ANTIOXIDANTE	"636,00"	"3.221,36"	"3.543,50"	"0,31"	"76,14"	30/09/2025	"3.221,36"	"100,00"
001234	VERDEO BOTELLA	"208,00"	"3.025,45"	"3.328,00"	"0,30"	"76,44"	24/05/2025	"3.025,45"	"100,00"
001819	SUG_8 16.95	"195,00"	"3.004,77"	"3.305,25"	"0,29"	"76,73"	09/06/2025	"3.004,77"	"100,00"
000111	PETIT FOIE	"381,00"	"2.959,05"	"3.254,95"	"0,29"	"77,02"	27/09/2025	"2.959,05"	"100,00"
001430	BROWNIE LOTUS	"483,00"	"2.927,14"	"3.219,85"	"0,29"	"77,31"	30/09/2025	"2.927,14"	"100,00"
000740	MOJITO FRESA	"378,00"	"2.866,91"	"3.153,60"	"0,28"	"77,59"	28/09/2025	"2.866,91"	"100,00"
001500	YORK + QUESO	"2.588,00"	"2.815,64"	"3.097,20"	"0,28"	"77,86"	30/09/2025	"2.815,64"	"100,00"
001394	JARRA TINTO DE VERANO	"724,00"	"2.717,91"	"2.989,70"	"0,27"	"78,13"	30/09/2025	"2.717,91"	"100,00"
001787	BOWL DE FRUTA	"628,00"	"2.709,00"	"2.979,90"	"0,26"	"78,39"	30/09/2025	"2.709,00"	"100,00"
001832	SUG_9 17.95	"165,00"	"2.692,50"	"2.961,75"	"0,26"	"78,66"	29/09/2025	"2.692,50"	"100,00"
000395	DAIKIRI DE FRESA	"352,00"	"2.685,00"	"2.953,50"	"0,26"	"78,92"	30/09/2025	"2.685,00"	"100,00"
001815	SUG_4 12.95	"227,00"	"2.673,32"	"2.940,65"	"0,26"	"79,18"	29/09/2025	"2.673,32"	"100,00"
000778	PUESTA DE SOL	"561,00"	"2.652,00"	"2.917,20"	"0,26"	"79,44"	30/09/2025	"2.652,00"	"100,00"
001836	CORTADO DOBLE	"1.190,00"	"2.599,09"	"2.859,00"	"0,25"	"79,69"	30/09/2025	"2.599,09"	"100,00"
000896	TARTA DE QUESO	"416,00"	"2.522,00"	"2.774,20"	"0,25"	"79,94"	30/09/2025	"2.522,00"	"100,00"
001319	CAÑA MAESTRA	"896,00"	"2.516,09"	"2.767,70"	"0,25"	"80,19"	30/09/2025	"2.516,09"	"100,00"
001811	MALPASTOR COPA	"788,00"	"2.470,55"	"2.717,60"	"0,24"	"80,43"	22/09/2025	"2.470,55"	"100,00"
001518	TORTILLA  2H	"1.098,00"	"2.459,09"	"2.705,00"	"0,24"	"80,67"	30/09/2025	"2.459,09"	"100,00"
000522	MARTIN MILLERS	"292,00"	"2.452,32"	"2.697,55"	"0,24"	"80,91"	30/09/2025	"2.452,32"	"100,00"
000631	PACK MAHOU	"320,00"	"2.447,73"	"2.692,50"	"0,24"	"81,15"	27/09/2025	"2.447,73"	"100,00"
000743	TARTA DE ZANAHORIA	"392,00"	"2.365,86"	"2.602,45"	"0,23"	"81,38"	30/09/2025	"2.365,86"	"100,00"
000270	BAILEYS	"470,00"	"2.350,00"	"2.585,00"	"0,23"	"81,61"	28/09/2025	"2.350,00"	"100,00"
001814	SUG_3 11.95	"210,00"	"2.281,36"	"2.509,50"	"0,22"	"81,83"	15/06/2025	"2.281,36"	"100,00"
000807	LIMONADA 100%	"598,00"	"2.236,05"	"2.459,65"	"0,22"	"82,05"	30/09/2025	"2.236,05"	"100,00"
000114	SANDWICH VEGANO	"273,00"	"2.221,23"	"2.443,35"	"0,22"	"82,27"	30/09/2025	"2.221,23"	"100,00"
000535	LATTE MACCHIATO	"798,00"	"2.187,73"	"2.406,50"	"0,21"	"82,48"	30/09/2025	"2.187,73"	"100,00"
000379	LA CHANCLA	"411,00"	"2.181,23"	"2.399,35"	"0,21"	"82,69"	30/09/2025	"2.181,23"	"100,00"
001331	CREPES	"565,00"	"2.157,27"	"2.373,00"	"0,21"	"82,90"	29/09/2025	"2.157,27"	"100,00"
001752	TINTO CASA COPA	"610,00"	"2.135,00"	"2.348,50"	"0,21"	"83,11"	30/09/2025	"2.135,00"	"100,00"
000016	TÓNICA SCHWEPPES	"4.568,00"	"2.051,00"	"2.256,10"	"0,20"	"83,31"	30/09/2025	"2.051,00"	"100,00"
001754	CLOE ROSÉ COPA	"600,00"	"1.987,59"	"2.186,35"	"0,19"	"83,51"	29/09/2025	"1.987,59"	"100,00"
001807	JAMÓN SERRANO	"2.164,00"	"1.961,82"	"2.158,00"	"0,19"	"83,70"	30/09/2025	"1.961,82"	"100,00"
000397	MOJITO SIN	"368,00"	"1.950,05"	"2.145,05"	"0,19"	"83,89"	28/09/2025	"1.950,05"	"100,00"
001830	PIÑA COLADA SIN	"364,00"	"1.948,05"	"2.142,85"	"0,19"	"84,08"	30/09/2025	"1.948,05"	"100,00"
001818	SUG_7 15.95	"134,00"	"1.943,00"	"2.137,30"	"0,19"	"84,27"	06/08/2025	"1.943,00"	"100,00"
000378	CARIBEÑO	"404,00"	"1.912,50"	"2.103,75"	"0,19"	"84,46"	30/09/2025	"1.912,50"	"100,00"
000630	PACK ALHAMBRA	"254,00"	"1.901,23"	"2.091,35"	"0,19"	"84,64"	27/09/2025	"1.901,23"	"100,00"
000232	JUVE Y CAMPS BOTELLA	"89,00"	"1.860,91"	"2.047,00"	"0,18"	"84,82"	28/09/2025	"1.860,91"	"100,00"
001202	LARIOS ROSE	"280,00"	"1.840,00"	"2.024,00"	"0,18"	"85,00"	27/09/2025	"1.840,00"	"100,00"
001463	BOWL YOGURT	"1.018,00"	"1.803,64"	"1.984,00"	"0,18"	"85,18"	30/09/2025	"1.803,64"	"100,00"
001813	SUG_2 10.95	"176,00"	"1.752,00"	"1.927,20"	"0,17"	"85,35"	30/09/2025	"1.752,00"	"100,00"
001848	VERMOUTH GUERRA	"329,00"	"1.727,23"	"1.899,95"	"0,17"	"85,52"	30/09/2025	"1.727,23"	"100,00"
001597	San Miguel 0.0	"603,00"	"1.700,77"	"1.870,85"	"0,17"	"85,69"	30/09/2025	"1.700,77"	"100,00"
000011	NESTEA LIMÓN	"831,00"	"1.699,55"	"1.869,50"	"0,17"	"85,85"	29/09/2025	"-57.230,45"	"-3.367,40"
001508	MANTEQUILLA	"3.869,00"	"1.685,27"	"1.853,80"	"0,16"	"86,02"	30/09/2025	"1.685,27"	"100,00"
001755	CLOE ROSÉ BOTELLA	"94,00"	"1.666,36"	"1.833,00"	"0,16"	"86,18"	26/09/2025	"1.666,36"	"100,00"
001517	REVUELTO 2H	"754,00"	"1.665,91"	"1.832,50"	"0,16"	"86,34"	30/09/2025	"1.665,91"	"100,00"
001313	MAHOU SIN GLUTEN	"488,00"	"1.634,95"	"1.798,45"	"0,16"	"86,50"	30/09/2025	"1.634,95"	"100,00"
001685	ABSOLUT	"235,00"	"1.578,64"	"1.736,50"	"0,15"	"86,66"	30/09/2025	"1.578,64"	"100,00"
000873	TARTA DE CHOCOLATE	"262,00"	"1.578,45"	"1.736,30"	"0,15"	"86,81"	29/09/2025	"1.578,45"	"100,00"
000151	CAFÉ HIELO BAYLEIS	"630,00"	"1.575,00"	"1.732,50"	"0,15"	"86,97"	30/09/2025	"1.575,00"	"100,00"
001806	INTEGRAL	"1.438,00"	"1.564,36"	"1.720,80"	"0,15"	"87,12"	30/09/2025	"1.564,36"	"100,00"
000578	SAN MIGUEL ESPECIAL	"551,00"	"1.557,68"	"1.713,45"	"0,15"	"87,27"	28/09/2025	"1.557,68"	"100,00"
001343	patatas extra	"566,00"	"1.543,64"	"1.698,00"	"0,15"	"87,42"	30/09/2025	"1.543,64"	"100,00"
000155	COLA CAO	"872,00"	"1.540,00"	"1.694,00"	"0,15"	"87,57"	30/09/2025	"1.540,00"	"100,00"
000417	BRUGAL	"232,00"	"1.535,91"	"1.689,50"	"0,15"	"87,72"	30/09/2025	"1.535,91"	"100,00"
000453	LEGENDARIO ELIXIR (7)	"210,00"	"1.527,27"	"1.680,00"	"0,15"	"87,87"	30/09/2025	"1.527,27"	"100,00"
001748	Nº 12 COPA	"468,00"	"1.489,09"	"1.638,00"	"0,15"	"88,02"	25/05/2025	"1.489,09"	"100,00"
001499	HUEVO PLANCHA 1H	"1.618,00"	"1.458,18"	"1.604,00"	"0,14"	"88,16"	30/09/2025	"1.458,18"	"100,00"
001444	RADLER MAHOU	"543,00"	"1.456,23"	"1.601,85"	"0,14"	"88,30"	27/09/2025	"1.456,23"	"100,00"
001896	PAZOS BOT	"104,00"	"1.437,09"	"1.580,80"	"0,14"	"88,44"	27/09/2025	"1.437,09"	"100,00"
000013	NESTEA  MARACUYÁ	"682,00"	"1.428,86"	"1.571,75"	"0,14"	"88,58"	30/09/2025	"1.428,86"	"100,00"
000506	BOMBAY SAPPHIRE	"187,00"	"1.414,09"	"1.555,50"	"0,14"	"88,72"	28/09/2025	"1.414,09"	"100,00"
000002	FANTA NARANJA	"829,00"	"1.405,86"	"1.546,45"	"0,14"	"88,86"	30/09/2025	"1.405,86"	"100,00"
001875	Mar de seda Botella	"128,00"	"1.396,36"	"1.536,00"	"0,14"	"88,99"	30/09/2025	"1.396,36"	"100,00"
000401	VITAMINICO	"285,00"	"1.396,00"	"1.535,60"	"0,14"	"89,13"	30/09/2025	"1.396,00"	"100,00"
000020	AQUARIUS LIMÓN	"1.764,00"	"1.367,09"	"1.503,80"	"0,13"	"89,27"	30/09/2025	"1.367,09"	"100,00"
001318	SEIS+SEIS COPA	"384,00"	"1.344,00"	"1.478,40"	"0,13"	"89,40"	23/09/2025	"1.344,00"	"100,00"
000318	JOHNNY WALKER BLACK	"143,00"	"1.308,50"	"1.439,35"	"0,13"	"89,52"	27/09/2025	"1.308,50"	"100,00"
000386	LIMÓN Y ALGO	"271,00"	"1.290,00"	"1.419,00"	"0,13"	"89,65"	29/09/2025	"1.290,00"	"100,00"
000515	NORDES	"151,00"	"1.283,77"	"1.412,15"	"0,13"	"89,78"	26/09/2025	"1.283,77"	"100,00"
000322	JOHNNY WALKER RED	"191,00"	"1.281,36"	"1.409,50"	"0,13"	"89,90"	27/09/2025	"1.281,36"	"100,00"
001740	PAVO+QUESO	"1.069,00"	"1.257,45"	"1.383,20"	"0,12"	"90,02"	30/09/2025	"1.257,45"	"100,00"
001312	COLA ZERO ZERO	"765,00"	"1.250,82"	"1.375,90"	"0,12"	"90,15"	30/09/2025	"1.250,82"	"100,00"
001872	62 millas Copa	"373,00"	"1.237,68"	"1.361,45"	"0,12"	"90,27"	30/09/2025	"1.237,68"	"100,00"
001739	BACON + QUESO	"1.048,00"	"1.230,27"	"1.353,30"	"0,12"	"90,39"	30/09/2025	"1.230,27"	"100,00"
000715	MOJITO FRESA SIN	"230,00"	"1.223,23"	"1.345,55"	"0,12"	"90,51"	27/09/2025	"1.223,23"	"100,00"
000851	Pacharan Otaola	"269,00"	"1.222,73"	"1.479,50"	"0,12"	"90,63"	30/09/2025	"1.222,73"	"100,00"
001746	CLOE COPA	"366,00"	"1.214,45"	"1.335,90"	"0,12"	"90,75"	30/09/2025	"1.214,45"	"100,00"
000147	SAN MIGUEL 00	"416,00"	"1.150,18"	"1.265,20"	"0,11"	"90,86"	31/08/2025	"1.150,18"	"100,00"
000514	HENDRICKS	"121,00"	"1.136,36"	"1.250,00"	"0,11"	"90,97"	27/09/2025	"1.136,36"	"100,00"
000383	CAIPIRIÑA	"149,00"	"1.134,36"	"1.247,80"	"0,11"	"91,08"	30/09/2025	"1.134,36"	"100,00"
001491	MOLDE GRUESO	"693,00"	"1.132,36"	"1.245,60"	"0,11"	"91,19"	30/09/2025	"1.132,36"	"100,00"
000385	SAN FRANCISCO	"207,00"	"1.091,86"	"1.201,05"	"0,11"	"91,30"	28/09/2025	"1.091,86"	"100,00"
000167	TÉ CON LECHE	"408,00"	"1.088,82"	"1.197,70"	"0,11"	"91,40"	30/09/2025	"1.088,82"	"100,00"
001673	ALBONDIGAS VEGANAS	"111,00"	"1.059,55"	"1.165,50"	"0,10"	"91,51"	04/05/2025	"1.059,55"	"100,00"
001877	Pazos Copa	"370,00"	"1.059,55"	"1.165,50"	"0,10"	"91,61"	30/09/2025	"1.059,55"	"100,00"
000015	FANTA LIMÓN	"978,00"	"1.055,68"	"1.161,25"	"0,10"	"91,71"	30/09/2025	"1.055,68"	"100,00"
001273	ESPRESSO MARTINI	"167,00"	"1.055,14"	"1.160,65"	"0,10"	"91,82"	27/09/2025	"1.055,14"	"100,00"
000392	BLODY MARY	"145,00"	"1.047,95"	"1.152,75"	"0,10"	"91,92"	27/09/2025	"1.047,95"	"100,00"
000396	MORENITO	"223,00"	"1.044,50"	"1.148,95"	"0,10"	"92,02"	27/09/2025	"1.044,50"	"100,00"
001497	GOUDA	"1.442,00"	"1.035,64"	"1.139,20"	"0,10"	"92,12"	30/09/2025	"1.035,64"	"100,00"
000783	DETOX	"188,00"	"1.000,91"	"1.101,00"	"0,10"	"92,22"	30/09/2025	"1.000,91"	"100,00"
001664	BUDWAISER	"331,00"	"992,18"	"1.091,40"	"0,10"	"92,32"	28/09/2025	"992,18"	"100,00"
001715	PAVO	"1.211,00"	"987,55"	"1.086,30"	"0,10"	"92,41"	29/09/2025	"987,55"	"100,00"
001684	BALLANTINES	"145,00"	"978,18"	"1.076,00"	"0,10"	"92,51"	27/09/2025	"978,18"	"100,00"
000765	VERMOUTH DE LA CASA	"192,00"	"960,00"	"1.056,00"	"0,09"	"92,60"	28/09/2025	"960,00"	"100,00"
001528	QUESO FRESCO	"1.170,00"	"947,45"	"1.042,20"	"0,09"	"92,70"	30/09/2025	"947,45"	"100,00"
000825	CLARA LIMON	"463,00"	"945,58"	"1.144,15"	"0,09"	"92,79"	28/09/2025	"945,58"	"100,00"
001243	SOPA FRIA	"120,00"	"935,55"	"1.029,10"	"0,09"	"92,88"	30/09/2025	"935,55"	"100,00"
000024	AQUARIUS NARANJA	"445,00"	"932,50"	"1.025,75"	"0,09"	"92,97"	30/09/2025	"932,50"	"100,00"
000532	ICED CAFÉ	"235,00"	"929,32"	"1.022,25"	"0,09"	"93,06"	30/09/2025	"929,32"	"100,00"
001288	CERVEZA HONEST.	"524,00"	"928,91"	"1.021,80"	"0,09"	"93,15"	30/09/2025	"928,91"	"100,00"
000308	JAMESON	"138,00"	"919,09"	"1.011,00"	"0,09"	"93,24"	30/09/2025	"919,09"	"100,00"
001354	TARTA DE SNIKER	"152,00"	"916,18"	"1.007,80"	"0,09"	"93,33"	30/09/2025	"916,18"	"100,00"
000732	BLANCO CASA COPA	"299,00"	"910,59"	"1.001,65"	"0,09"	"93,42"	23/06/2025	"910,59"	"100,00"
000157	MENTA POLEO	"397,00"	"895,45"	"985,00"	"0,09"	"93,51"	28/09/2025	"895,45"	"100,00"
000399	FLY ME TO THE MOON	"113,00"	"861,68"	"947,85"	"0,08"	"93,59"	25/09/2025	"861,68"	"100,00"
001320	JARRA MAESTRA	"174,00"	"830,00"	"913,00"	"0,08"	"93,67"	30/09/2025	"830,00"	"100,00"
000707	CELESTE ROBLE BOTELLA	"49,00"	"824,09"	"906,50"	"0,08"	"93,75"	16/06/2025	"824,09"	"100,00"
000159	MANZANILLA	"363,00"	"822,73"	"905,00"	"0,08"	"93,84"	28/09/2025	"822,73"	"100,00"
000567	BATIDO DE CHOCOLATE	"398,00"	"812,05"	"893,25"	"0,08"	"93,91"	30/09/2025	"812,05"	"100,00"
001516	HUEVO PLANCHA 2H	"359,00"	"809,09"	"890,00"	"0,08"	"93,99"	28/09/2025	"809,09"	"100,00"
001871	Dusky Sound Botella	"59,00"	"804,55"	"885,00"	"0,08"	"94,07"	24/09/2025	"804,55"	"100,00"
001747	CLOE BOTELLA	"45,00"	"797,73"	"877,50"	"0,08"	"94,15"	28/09/2025	"797,73"	"100,00"
001265	DESCAF. SOBRE	"407,00"	"794,55"	"874,00"	"0,08"	"94,23"	28/09/2025	"794,55"	"100,00"
001218	MAESTRA 33CL	"217,00"	"786,27"	"864,90"	"0,08"	"94,30"	28/09/2025	"786,27"	"100,00"
001178	BATIDO DE CHOCOLATE	"153,00"	"785,73"	"864,30"	"0,08"	"94,38"	28/09/2025	"785,73"	"100,00"
001490	SIN GLUTEN	"432,00"	"783,64"	"862,00"	"0,08"	"94,46"	30/09/2025	"783,64"	"100,00"
001177	ZUMO DE TEMPORADA	"168,00"	"782,00"	"860,20"	"0,08"	"94,53"	28/09/2025	"782,00"	"100,00"
001493	ATÚN	"851,00"	"768,18"	"845,00"	"0,08"	"94,61"	30/09/2025	"768,18"	"100,00"
000324	JACK DANIELS	"107,00"	"761,82"	"838,00"	"0,07"	"94,68"	23/09/2025	"761,82"	"100,00"
001744	SAN VALENTIN COPA	"250,00"	"761,50"	"837,65"	"0,07"	"94,76"	24/08/2025	"761,50"	"100,00"
001503	TOMATE	"2.811,00"	"759,82"	"835,80"	"0,07"	"94,83"	30/09/2025	"759,82"	"100,00"
000719	GOFRE DE AZUCAR	"196,00"	"748,36"	"823,20"	"0,07"	"94,91"	30/09/2025	"748,36"	"100,00"
000741	DAIKIRI FRESA SIN	"138,00"	"731,64"	"804,80"	"0,07"	"94,98"	30/09/2025	"731,64"	"100,00"
001801	BURGUER VEGANA	"83,00"	"716,82"	"788,50"	"0,07"	"95,05"	21/04/2025	"716,82"	"100,00"
001775	"SEAGRAMS 0,0"	"113,00"	"715,77"	"787,35"	"0,07"	"95,12"	29/09/2025	"715,77"	"100,00"
001666	FRANZISKANER 	"177,00"	"682,59"	"750,85"	"0,07"	"95,18"	28/09/2025	"682,59"	"100,00"
000595	BROCKMANS	"71,00"	"671,09"	"738,20"	"0,07"	"95,25"	27/09/2025	"671,09"	"100,00"
001604	MACALLAN 12	"47,00"	"659,05"	"724,95"	"0,06"	"95,31"	14/09/2025	"659,05"	"100,00"
001834	SUG_10 18.95	"38,00"	"654,64"	"720,10"	"0,06"	"95,38"	24/09/2025	"654,64"	"100,00"
000529	LATTE MACCHIATO ACARAMELADO	"205,00"	"652,55"	"717,80"	"0,06"	"95,44"	30/09/2025	"652,55"	"100,00"
001287	COMBINADOS HONEST.	"149,00"	"623,09"	"685,40"	"0,06"	"95,50"	25/09/2025	"623,09"	"100,00"
000302	WHITE LABEL	"93,00"	"614,55"	"676,00"	"0,06"	"95,56"	27/09/2025	"614,55"	"100,00"
001269	BATIDO DE VAINILLA	"117,00"	"606,82"	"667,50"	"0,06"	"95,62"	30/09/2025	"606,82"	"100,00"
000547	ZUMO DE PIÑA	"308,00"	"604,09"	"664,50"	"0,06"	"95,68"	28/09/2025	"604,09"	"100,00"
000164	TÉ EN LECHE	"235,00"	"600,09"	"660,10"	"0,06"	"95,74"	28/09/2025	"600,09"	"100,00"
001784	TORTILLA 1H	"445,00"	"600,00"	"660,00"	"0,06"	"95,80"	30/09/2025	"600,00"	"100,00"
000319	J&B	"90,00"	"591,36"	"650,50"	"0,06"	"95,86"	14/09/2025	"591,36"	"100,00"
001317	BOTELLA SEIS+SEIS	"29,00"	"580,00"	"638,00"	"0,06"	"95,91"	10/09/2025	"580,00"	"100,00"
001742	GODELLO COPA	"169,00"	"560,77"	"616,85"	"0,05"	"95,97"	18/06/2025	"560,77"	"100,00"
001621	COPA BOTANI ESPUMOSO	"153,00"	"542,45"	"596,70"	"0,05"	"96,02"	30/09/2025	"542,45"	"100,00"
001212	TÉ MORUNO	"205,00"	"541,73"	"595,90"	"0,05"	"96,07"	28/09/2025	"541,73"	"100,00"
001810	MALPASTOR BOTELLA	"36,00"	"540,00"	"594,00"	"0,05"	"96,13"	18/09/2025	"540,00"	"100,00"
001686	HAVANA 7 AÑOS	"65,00"	"539,95"	"593,95"	"0,05"	"96,18"	03/09/2025	"539,95"	"100,00"
000175	CARAJILLO	"209,00"	"532,82"	"586,10"	"0,05"	"96,23"	30/09/2025	"532,82"	"100,00"
000446	BACARDI	"81,00"	"530,27"	"583,30"	"0,05"	"96,28"	27/09/2025	"530,27"	"100,00"
001498	LOMO AL HORNO	"507,00"	"506,00"	"556,60"	"0,05"	"96,33"	30/09/2025	"506,00"	"100,00"
000892	BOTANI ESPUMOSO	"29,00"	"500,91"	"551,00"	"0,05"	"96,38"	21/09/2025	"500,91"	"100,00"
001753	TINTO CASA BOTELLA	"25,00"	"500,00"	"550,00"	"0,05"	"96,43"	24/09/2025	"500,00"	"100,00"
001214	PAN	"785,00"	"499,55"	"549,50"	"0,05"	"96,48"	30/09/2025	"499,55"	"100,00"
000306	DYC 8	"76,00"	"499,09"	"549,00"	"0,05"	"96,53"	22/09/2025	"499,09"	"100,00"
001420	SEVEN UP	"631,00"	"496,45"	"546,10"	"0,05"	"96,58"	27/09/2025	"496,45"	"100,00"
000400	TOM COLLINS	"65,00"	"491,77"	"540,95"	"0,05"	"96,62"	27/09/2025	"491,77"	"100,00"
001270	BATIDO DE FRESA	"94,00"	"487,73"	"536,50"	"0,05"	"96,67"	28/09/2025	"487,73"	"100,00"
001756	Nº12 BOTELLA	"27,00"	"478,64"	"526,50"	"0,05"	"96,72"	25/05/2025	"478,64"	"100,00"
001662	STELLA ARTOIS	"176,00"	"472,00"	"519,20"	"0,05"	"96,77"	22/09/2025	"472,00"	"100,00"
000257	ORUJO DE HIERBAS	"92,00"	"460,00"	"506,00"	"0,04"	"96,81"	25/09/2025	"460,00"	"100,00"
000266	AMARETTO	"86,00"	"449,09"	"494,00"	"0,04"	"96,85"	24/09/2025	"449,09"	"100,00"
001289	HONEST. REFRES./ ZUMOS /AGUA	"329,00"	"447,27"	"492,00"	"0,04"	"96,90"	30/09/2025	"447,27"	"100,00"
001257	salsa casera	"980,00"	"445,45"	"490,00"	"0,04"	"96,94"	30/09/2025	"445,45"	"100,00"
001636	COUNTRY STORE	"303,00"	"429,09"	"472,00"	"0,04"	"96,98"	30/09/2025	"429,09"	"100,00"
001687	BOMBON DOBLE	"169,00"	"427,09"	"469,80"	"0,04"	"97,03"	28/09/2025	"427,09"	"100,00"
001252	CAPPUCCION VIENESSE	"169,00"	"418,82"	"460,70"	"0,04"	"97,07"	27/09/2025	"418,82"	"100,00"
001870	Dusky Sound copa	"131,00"	"416,82"	"458,50"	"0,04"	"97,11"	28/09/2025	"416,82"	"100,00"
001482	COPA ZUMBRAL	"121,00"	"414,55"	"456,00"	"0,04"	"97,15"	13/09/2025	"414,55"	"100,00"
000536	IRLANDES	"92,00"	"414,00"	"455,40"	"0,04"	"97,19"	22/09/2025	"414,00"	"100,00"
001496	BACÓN	"575,00"	"411,64"	"452,80"	"0,04"	"97,23"	30/09/2025	"411,64"	"100,00"
000283	TEQUILA JOSE CUERVO	"64,00"	"410,00"	"451,00"	"0,04"	"97,27"	10/08/2025	"339,00"	"82,68"
001885	Negroni	"60,00"	"409,09"	"450,00"	"0,04"	"97,31"	27/09/2025	"409,09"	"100,00"
001494	YORK	"648,00"	"407,27"	"448,00"	"0,04"	"97,35"	30/09/2025	"407,27"	"100,00"
001250	BOMBON	"173,00"	"393,18"	"432,50"	"0,04"	"97,39"	28/09/2025	"393,18"	"100,00"
001649	NUTELLA	"437,00"	"389,09"	"428,00"	"0,04"	"97,42"	30/09/2025	"389,09"	"100,00"
001665	MAHOU IPA	"94,00"	"372,82"	"410,10"	"0,04"	"97,46"	30/09/2025	"372,82"	"100,00"
000304	CUTTY SARK	"54,00"	"365,00"	"401,50"	"0,04"	"97,50"	26/09/2025	"365,00"	"100,00"
001785	REVUELTO 1H	"270,00"	"364,09"	"400,50"	"0,04"	"97,53"	29/09/2025	"364,09"	"100,00"
001796	VIÑASOL ROSADO Copa.	"128,00"	"360,73"	"396,80"	"0,04"	"97,57"	12/09/2025	"360,73"	"100,00"
000419	SANTA TERESA AÑEJO	"55,00"	"347,50"	"382,25"	"0,03"	"97,60"	27/09/2025	"347,50"	"100,00"
000530	SHAKERATO CON BAILEYS	"106,00"	"347,45"	"382,20"	"0,03"	"97,64"	28/09/2025	"347,45"	"100,00"
001741	MERMELADA	"1.307,00"	"346,64"	"381,30"	"0,03"	"97,67"	30/09/2025	"346,64"	"100,00"
000408	CACIQUE	"52,00"	"345,91"	"380,50"	"0,03"	"97,70"	28/09/2025	"345,91"	"100,00"
000280	CAMPARI	"68,00"	"341,36"	"375,50"	"0,03"	"97,74"	27/09/2025	"341,36"	"100,00"
000299	ORUJO CREMA	"68,00"	"340,00"	"374,00"	"0,03"	"97,77"	23/09/2025	"340,00"	"100,00"
000549	ZUMO DE TOMATE	"160,00"	"335,55"	"369,10"	"0,03"	"97,80"	28/09/2025	"335,55"	"100,00"
000785	CAIPIRIÑA DE FRESA	"44,00"	"332,50"	"365,75"	"0,03"	"97,84"	26/09/2025	"332,50"	"100,00"
001803	HUEVO FRITO BURGUER	"241,00"	"328,64"	"361,50"	"0,03"	"97,87"	30/09/2025	"328,64"	"100,00"
001844	LA MATEO ROSADO BOTELLA	"15,00"	"327,27"	"360,00"	"0,03"	"97,90"	22/09/2025	"327,27"	"100,00"
001820	MAHOU SIN FILTRAR	"102,00"	"324,55"	"357,00"	"0,03"	"97,93"	16/09/2025	"324,55"	"100,00"
000548	ZUMO DE MELOCOTÓN	"154,00"	"322,73"	"355,00"	"0,03"	"97,96"	28/09/2025	"322,73"	"100,00"
000174	CHOCOLATE	"130,00"	"321,55"	"353,70"	"0,03"	"97,99"	30/09/2025	"321,55"	"100,00"
001271	BATIDO DE TURRON	"62,00"	"320,91"	"353,00"	"0,03"	"98,03"	30/09/2025	"320,91"	"100,00"
000264	MARTINI ROJO	"64,00"	"320,45"	"352,50"	"0,03"	"98,06"	28/09/2025	"273,45"	"85,33"
001667	LEFFE BLONDE	"92,00"	"319,09"	"351,00"	"0,03"	"98,09"	22/09/2025	"319,09"	"100,00"
001743	GODELLA BOTELLA	"18,00"	"319,09"	"351,00"	"0,03"	"98,12"	23/05/2025	"319,09"	"100,00"
001835	LECHE Y LECHE	"132,00"	"317,27"	"349,00"	"0,03"	"98,15"	28/09/2025	"317,27"	"100,00"
000382	DAIKIRI ORIGINAL	"42,00"	"316,05"	"347,65"	"0,03"	"98,18"	13/09/2025	"316,05"	"100,00"
001882	Viernes Botella	"21,00"	"315,00"	"346,50"	"0,03"	"98,21"	30/09/2025	"315,00"	"100,00"
001642	RISTRETTO	"182,00"	"311,45"	"342,60"	"0,03"	"98,24"	29/09/2025	"311,45"	"100,00"
001868	Las Pisadas Copa	"93,00"	"308,59"	"339,45"	"0,03"	"98,27"	30/09/2025	"308,59"	"100,00"
000437	ZACAPA 23	"24,00"	"305,68"	"336,25"	"0,03"	"98,30"	27/09/2025	"305,68"	"100,00"
001745	SAN VALENTIN BOTELLA	"21,00"	"305,45"	"336,00"	"0,03"	"98,33"	19/06/2025	"305,45"	"100,00"
001759	LIMONCELLO	"61,00"	"305,00"	"335,50"	"0,03"	"98,36"	27/09/2025	"305,00"	"100,00"
001277	AFRODISIACO	"50,00"	"304,05"	"334,45"	"0,03"	"98,39"	29/09/2025	"304,05"	"100,00"
000173	TAZA DE LECHE	"194,00"	"299,82"	"329,80"	"0,03"	"98,42"	28/09/2025	"299,82"	"100,00"
000477	MATUSALEN 7	"40,00"	"299,59"	"329,55"	"0,03"	"98,45"	13/09/2025	"299,59"	"100,00"
000398	COCKTAIL DE CAVA	"40,00"	"293,64"	"323,00"	"0,03"	"98,48"	13/09/2025	"293,64"	"100,00"
000413	BARCELO IMPERIAL	"32,00"	"289,45"	"318,40"	"0,03"	"98,51"	17/09/2025	"289,45"	"100,00"
000008	COLA LIGHT	"154,00"	"287,00"	"315,70"	"0,03"	"98,54"	10/06/2025	"287,00"	"100,00"
001479	MIX DE FRUTAS	"625,00"	"279,09"	"307,00"	"0,03"	"98,56"	30/09/2025	"279,09"	"100,00"
001881	Viernes Copa	"93,00"	"279,00"	"306,90"	"0,03"	"98,59"	30/09/2025	"279,00"	"100,00"
001510	MIEL	"512,00"	"272,73"	"300,00"	"0,03"	"98,62"	30/09/2025	"272,73"	"100,00"
000225	TORRES 5	"46,00"	"271,82"	"299,00"	"0,03"	"98,64"	23/09/2025	"271,82"	"100,00"
001264	ensalada extra	"148,00"	"269,09"	"296,00"	"0,03"	"98,67"	30/09/2025	"269,09"	"100,00"
000265	MARTINI BLANCO	"52,00"	"260,00"	"286,00"	"0,03"	"98,69"	21/09/2025	"260,00"	"100,00"
000150	ESPRESSO MACCHIATO	"133,00"	"252,00"	"277,20"	"0,02"	"98,72"	30/09/2025	"252,00"	"100,00"
000531	LATTE MACCHIATO ACHOCOLATADO	"78,00"	"251,64"	"276,80"	"0,02"	"98,74"	29/09/2025	"251,64"	"100,00"
001879	Letargo Botella	"17,00"	"247,27"	"272,00"	"0,02"	"98,77"	16/09/2025	"247,27"	"100,00"
001838	TÓNICA BERRY SW	"123,00"	"246,86"	"271,55"	"0,02"	"98,79"	28/09/2025	"246,86"	"100,00"
000518	G´VINE	"25,00"	"246,73"	"271,40"	"0,02"	"98,82"	13/08/2025	"246,73"	"100,00"
000166	TÉ CON LIMÓN	"123,00"	"246,00"	"270,60"	"0,02"	"98,84"	30/09/2025	"246,00"	"100,00"
001259	arroz extra	"88,00"	"240,00"	"264,00"	"0,02"	"98,86"	27/09/2025	"240,00"	"100,00"
001891	ALTOS DE TORONA	"15,00"	"238,64"	"262,50"	"0,02"	"98,89"	21/09/2025	"238,64"	"100,00"
000606	BULL DOG	"33,00"	"237,27"	"261,00"	"0,02"	"98,91"	28/09/2025	"237,27"	"100,00"
000325	FOUR ROSES	"33,00"	"233,18"	"256,50"	"0,02"	"98,93"	17/09/2025	"233,18"	"100,00"
000168	CHOCOLATE SUIZO	"85,00"	"232,91"	"256,20"	"0,02"	"98,96"	29/09/2025	"232,91"	"100,00"
000731	BLANCO CASA BOTELLA	"16,00"	"232,73"	"256,00"	"0,02"	"98,98"	08/06/2025	"232,73"	"100,00"
001643	JARRA CLARA	"62,00"	"232,36"	"255,60"	"0,02"	"99,00"	25/09/2025	"232,36"	"100,00"
001786	Pan Rodaja	"424,00"	"226,36"	"249,00"	"0,02"	"99,02"	28/09/2025	"226,36"	"100,00"
001802	CUBIERTA DE CHEDAR	"166,00"	"226,36"	"249,00"	"0,02"	"99,05"	28/09/2025	"226,36"	"100,00"
000583	GINGER ALE	"149,00"	"223,82"	"246,20"	"0,02"	"99,07"	30/09/2025	"223,82"	"100,00"
001481	SAN MIGUEL MAGNA	"80,00"	"220,73"	"242,80"	"0,02"	"99,09"	28/08/2025	"220,73"	"100,00"
001468	FLAKES	"155,00"	"219,64"	"241,60"	"0,02"	"99,11"	28/09/2025	"219,64"	"100,00"
001467	BOWL LECHE	"147,00"	"219,45"	"241,40"	"0,02"	"99,13"	30/09/2025	"219,45"	"100,00"
000742	VIRGIN MARY	"43,00"	"215,00"	"236,50"	"0,02"	"99,15"	25/09/2025	"215,00"	"100,00"
001697	Caña Llevar	"78,00"	"214,36"	"235,80"	"0,02"	"99,17"	25/09/2025	"214,36"	"100,00"
000528	SHAKERATO	"79,00"	"210,18"	"231,20"	"0,02"	"99,19"	21/09/2025	"210,18"	"100,00"
001291	TE AMERICANO	"76,00"	"203,82"	"224,20"	"0,02"	"99,21"	27/09/2025	"203,82"	"100,00"
001274	WHITE RUSSIAN	"32,00"	"202,18"	"222,40"	"0,02"	"99,23"	22/09/2025	"202,18"	"100,00"
001880	3º millenium	"10,00"	"200,00"	"220,00"	"0,02"	"99,25"	28/08/2025	"200,00"	"100,00"
000022	BITTER ROSSO	"94,00"	"196,18"	"215,80"	"0,02"	"99,27"	30/09/2025	"196,18"	"100,00"
000277	JAGERMEISTER	"37,00"	"189,09"	"208,00"	"0,02"	"99,29"	17/09/2025	"189,09"	"100,00"
000014	SPRITE	"114,00"	"183,59"	"201,95"	"0,02"	"99,31"	21/09/2025	"183,59"	"100,00"
000217	MAGNO	"31,00"	"183,18"	"201,50"	"0,02"	"99,33"	10/09/2025	"183,18"	"100,00"
001362	CAFE DE LA CHANCLA 250gr	"25,00"	"181,82"	"200,00"	"0,02"	"99,34"	30/09/2025	"181,82"	"100,00"
001795	VIÑASOL ROSADO Bot.	"13,00"	"174,91"	"192,40"	"0,02"	"99,36"	22/06/2025	"174,91"	"100,00"
001821	HIBIKI	"12,00"	"172,64"	"189,90"	"0,02"	"99,38"	27/09/2025	"172,64"	"100,00"
000220	TORRES 10	"25,00"	"170,45"	"187,50"	"0,02"	"99,40"	14/08/2025	"170,45"	"100,00"
001631	NUECES	"319,00"	"168,00"	"184,80"	"0,02"	"99,41"	30/09/2025	"168,00"	"100,00"
000625	MONKEY 47	"11,00"	"167,68"	"184,45"	"0,02"	"99,43"	14/08/2025	"167,68"	"100,00"
000539	DELUXE	"37,00"	"166,50"	"183,15"	"0,02"	"99,44"	26/09/2025	"166,50"	"100,00"
001837	TÓNICA ZERO SW	"79,00"	"165,36"	"181,90"	"0,02"	"99,46"	30/09/2025	"165,36"	"100,00"
000262	LICOR 43	"33,00"	"165,00"	"181,50"	"0,02"	"99,48"	26/09/2025	"165,00"	"100,00"
001506	MAYONESA	"907,00"	"164,36"	"180,80"	"0,02"	"99,49"	30/09/2025	"164,36"	"100,00"
001856	Pago de Carraovejas	"3,00"	"163,64"	"180,00"	"0,02"	"99,51"	15/09/2025	"163,64"	"100,00"
000826	CLARA CASERA	"88,00"	"160,00"	"193,60"	"0,02"	"99,52"	28/09/2025	"160,00"	"100,00"
000317	CARDHU	"16,00"	"159,27"	"175,20"	"0,02"	"99,54"	31/07/2025	"159,27"	"100,00"
000010	RED BULL	"134,00"	"157,09"	"172,80"	"0,02"	"99,56"	23/09/2025	"157,09"	"100,00"
000165	TÉ CON CANELA	"56,00"	"150,18"	"165,20"	"0,01"	"99,57"	23/09/2025	"150,18"	"100,00"
000777	TRES EN UNO	"30,00"	"150,00"	"165,00"	"0,01"	"99,58"	06/05/2025	"150,00"	"100,00"
000534	LATTE MACCHIATO ALMENDRADO	"45,00"	"141,64"	"155,80"	"0,01"	"99,60"	25/09/2025	"141,64"	"100,00"
001842	3055 JEAN LEÓN BOTELLA	"9,00"	"135,00"	"148,50"	"0,01"	"99,61"	25/09/2025	"135,00"	"100,00"
000421	CAPITAN MORGAN	"20,00"	"132,27"	"145,50"	"0,01"	"99,62"	23/08/2025	"132,27"	"100,00"
001254	DIABLO VIENESSE	"45,00"	"131,73"	"144,90"	"0,01"	"99,64"	29/09/2025	"131,73"	"100,00"
001356	CAFÉ DE COLOMBIA 250gr	"18,00"	"130,91"	"144,00"	"0,01"	"99,65"	08/09/2025	"130,91"	"100,00"
001873	62 millas Botella	"8,00"	"130,91"	"144,00"	"0,01"	"99,66"	26/09/2025	"130,91"	"100,00"
001765	L. avena	"1.584,00"	"130,91"	"144,00"	"0,01"	"99,68"	30/09/2025	"130,91"	"100,00"
001843	3055 JEAN LEÓN COPA	"41,00"	"130,45"	"143,50"	"0,01"	"99,69"	29/09/2025	"130,45"	"100,00"
001616	HAMBURGUESA VEGANA	"16,00"	"130,18"	"143,20"	"0,01"	"99,70"	26/01/2025	"130,18"	"100,00"
000466	AREHUCAS	"22,00"	"130,00"	"143,00"	"0,01"	"99,71"	04/09/2025	"130,00"	"100,00"
000414	PAMPERO ESPECIAL	"20,00"	"127,27"	"140,00"	"0,01"	"99,73"	28/09/2025	"127,27"	"100,00"
001861	Encaste Crianza	"6,00"	"125,45"	"138,00"	"0,01"	"99,74"	28/09/2025	"125,45"	"100,00"
001869	Las Pisadas Botella	"8,00"	"123,64"	"136,00"	"0,01"	"99,75"	26/09/2025	"123,64"	"100,00"
000418	BRUGAL EXTRAVIEJO	"17,00"	"123,64"	"136,00"	"0,01"	"99,76"	20/04/2025	"123,64"	"100,00"
000328	SOUTHERN COMFORT	"19,00"	"121,36"	"133,50"	"0,01"	"99,78"	24/09/2025	"121,36"	"100,00"
001462	CHOCAPIC	"84,00"	"119,27"	"131,20"	"0,01"	"99,79"	30/09/2025	"119,27"	"100,00"
000391	AVIATION	"16,00"	"115,64"	"127,20"	"0,01"	"99,80"	06/05/2025	"115,64"	"100,00"
000258	ANIS DULCE	"25,00"	"113,64"	"125,00"	"0,01"	"99,81"	01/09/2025	"113,64"	"100,00"
001355	CAFE DE BRASIL 250gr	"15,00"	"109,09"	"120,00"	"0,01"	"99,82"	30/08/2025	"109,09"	"100,00"
000409	CACIQUE 500	"13,00"	"108,27"	"119,10"	"0,01"	"99,83"	18/08/2025	"108,27"	"100,00"
001556	hielo	"585,00"	"106,36"	"117,00"	"0,01"	"99,84"	30/09/2025	"106,36"	"100,00"
000272	MALIBU	"21,00"	"105,00"	"115,50"	"0,01"	"99,85"	20/09/2025	"105,00"	"100,00"
001884	Principe Viana Botella	"8,00"	"94,55"	"104,00"	"0,01"	"99,86"	22/08/2025	"94,55"	"100,00"
001634	fresa	"173,00"	"94,36"	"103,80"	"0,01"	"99,87"	29/09/2025	"94,36"	"100,00"
001501	LECHUGA	"1.033,00"	"92,91"	"102,20"	"0,01"	"99,88"	30/09/2025	"92,91"	"100,00"
001280	GREY GOOSE	"10,00"	"91,95"	"101,15"	"0,01"	"99,89"	18/05/2025	"91,95"	"100,00"
001249	VIENES	"42,00"	"90,45"	"99,50"	"0,01"	"99,90"	30/09/2025	"90,45"	"100,00"
000537	ROYAL	"20,00"	"90,00"	"99,00"	"0,01"	"99,91"	20/09/2025	"90,00"	"100,00"
001878	Letargo Copa	"30,00"	"90,00"	"99,00"	"0,01"	"99,91"	27/09/2025	"90,00"	"100,00"
001255	CAPPUCCINO INFANTIL	"28,00"	"89,09"	"98,00"	"0,01"	"99,92"	27/09/2025	"89,09"	"100,00"
000560	TONICA FEVER	"200,00"	"88,36"	"97,20"	"0,01"	"99,93"	28/09/2025	"88,36"	"100,00"
001473	ALMENDRA CROCANTI	"170,00"	"88,36"	"97,20"	"0,01"	"99,94"	28/09/2025	"88,36"	"100,00"
000018	CASERA	"41,00"	"87,05"	"95,75"	"0,01"	"99,95"	26/09/2025	"87,05"	"100,00"
000517	TANQUERAY TEN	"10,00"	"86,36"	"95,00"	"0,01"	"99,96"	08/04/2025	"86,36"	"100,00"
001854	Dos maderas 5+5	"9,00"	"85,91"	"94,50"	"0,01"	"99,97"	07/08/2025	"85,91"	"100,00"
001857	La Mateo	"3,00"	"79,09"	"87,00"	"0,01"	"99,97"	22/08/2025	"79,09"	"100,00"
001502	CEBOLLA	"423,00"	"75,82"	"83,40"	"0,01"	"99,98"	28/09/2025	"75,82"	"100,00"
000519	MOMBASA	"9,00"	"74,23"	"81,65"	"0,01"	"99,99"	14/06/2025	"74,23"	"100,00"
001240	LA GUITA COPA	"26,00"	"73,27"	"80,60"	"0,01"	"99,99"	08/09/2025	"73,27"	"100,00"
001892	TESELA COPA	"23,00"	"73,18"	"80,50"	"0,01"	"100,00"	29/09/2025	"73,18"	"100,00"
001699	Gin Promo	"13,00"	"71,36"	"78,50"	"0,01"	"100,01"	31/08/2025	"71,36"	"100,00"
001275	ORANGE	"12,00"	"70,91"	"78,00"	"0,01"	"100,02"	30/09/2025	"70,91"	"100,00"
001883	ricipe viana Copa	"26,00"	"70,91"	"78,00"	"0,01"	"100,02"	29/09/2025	"70,91"	"100,00"
001924	Crodino	"17,00"	"69,55"	"76,50"	"0,01"	"100,03"	31/08/2025	"69,55"	"100,00"
000160	leche soja	"815,00"	"68,55"	"75,40"	"0,01"	"100,04"	30/09/2025	"68,55"	"100,00"
001635	VAINILLA VERACRUZ	"75,00"	"68,18"	"75,00"	"0,01"	"100,04"	28/09/2025	"68,18"	"100,00"
001876	Camiño dos faros	"4,00"	"65,45"	"72,00"	"0,01"	"100,05"	18/08/2025	"65,45"	"100,00"
000267	FRANGELICO	"13,00"	"65,00"	"71,50"	"0,01"	"100,06"	21/09/2025	"65,00"	"100,00"
001894	Bot. Agua Solan TIEMPO	"32,00"	"64,00"	"70,40"	"0,01"	"100,06"	25/08/2025	"64,00"	"100,00"
000247	LICOR DE MANZANA SIN	"15,00"	"61,36"	"67,50"	"0,01"	"100,07"	13/08/2025	"61,36"	"100,00"
001359	CAFE DE NICARAGUA 250gr	"8,00"	"58,18"	"64,00"	"0,01"	"100,07"	23/06/2025	"58,18"	"100,00"
001608	ROKU	"7,00"	"57,68"	"63,45"	"0,01"	"100,08"	28/09/2025	"57,68"	"100,00"
001650	RUCULA	"157,00"	"56,36"	"62,00"	"0,01"	"100,08"	30/06/2025	"56,36"	"100,00"
000268	TIA MARÍA	"11,00"	"55,00"	"60,50"	"0,01"	"100,09"	24/09/2025	"55,00"	"100,00"
001921	Palo Cortado	"7,00"	"54,09"	"59,50"	"0,01"	"100,10"	25/09/2025	"54,09"	"100,00"
001831	Extra Alcohol	"67,00"	"51,77"	"56,95"	"0,01"	"100,10"	29/09/2025	"51,77"	"100,00"
001413	CAFE DE LA CHANCLA 1kg	"2,00"	"50,91"	"56,00"	"0,00"	"100,11"	25/09/2025	"50,91"	"100,00"
001406	CAFE DE COLOMBIA 1kg	"2,00"	"50,91"	"56,00"	"0,00"	"100,11"	29/05/2025	"50,91"	"100,00"
001405	CAFE DE BRASIL 1kg	"2,00"	"50,91"	"56,00"	"0,00"	"100,12"	02/09/2025	"50,91"	"100,00"
001893	TESELA BOTELLA	"4,00"	"48,00"	"52,80"	"0,00"	"100,12"	26/09/2025	"48,00"	"100,00"
000363	STOLICHNAYA	"7,00"	"47,27"	"52,00"	"0,00"	"100,12"	30/08/2025	"47,27"	"100,00"
001918	Pedro Ximenez	"10,00"	"47,27"	"52,00"	"0,00"	"100,13"	27/09/2025	"47,27"	"100,00"
000275	COINTREAU	"9,00"	"45,00"	"49,50"	"0,00"	"100,13"	04/08/2025	"45,00"	"100,00"
001633	platano	"82,00"	"44,73"	"49,20"	"0,00"	"100,14"	29/09/2025	"44,73"	"100,00"
000449	MATUSALEN 15	"5,00"	"41,18"	"45,30"	"0,00"	"100,14"	14/06/2025	"41,18"	"100,00"
000568	BATIDO DE VAINILLA	"20,00"	"40,91"	"45,00"	"0,00"	"100,15"	21/06/2025	"40,91"	"100,00"
001853	Dos Maderas 5+3	"6,00"	"40,91"	"45,00"	"0,00"	"100,15"	31/08/2025	"40,91"	"100,00"
001511	KETCHUP	"111,00"	"40,36"	"44,40"	"0,00"	"100,15"	30/09/2025	"40,36"	"100,00"
000784	CAIPIROSKA	"7,00"	"39,45"	"43,40"	"0,00"	"100,16"	04/08/2025	"39,45"	"100,00"
001472	PIPAS	"103,00"	"36,00"	"39,60"	"0,00"	"100,16"	20/09/2025	"36,00"	"100,00"
001889	DOBLE 12	"1,00"	"35,91"	"39,50"	"0,00"	"100,17"	18/06/2025	"35,91"	"100,00"
000362	ERISTOFF	"5,00"	"35,45"	"39,00"	"0,00"	"100,17"	23/09/2025	"35,45"	"100,00"
000652	BRUGAL 1888 	"3,00"	"35,32"	"38,85"	"0,00"	"100,17"	27/09/2025	"35,32"	"100,00"
000251	LICOR DE MANZANA	"7,00"	"35,00"	"38,50"	"0,00"	"100,18"	16/03/2025	"35,00"	"100,00"
000372	VODKA CARAMELO	"6,00"	"32,73"	"36,00"	"0,00"	"100,18"	24/04/2025	"32,73"	"100,00"
000248	LICOR DE MORA SIN	"8,00"	"32,73"	"36,00"	"0,00"	"100,18"	30/08/2025	"32,73"	"100,00"
001764	BOWL AVENA	"20,00"	"32,73"	"36,00"	"0,00"	"100,19"	28/09/2025	"32,73"	"100,00"
000097	Ingrediente Extra	"36,00"	"32,73"	"36,00"	"0,00"	"100,19"	14/09/2025	"32,73"	"100,00"
000546	ZUMO DE Manzana (minute maid)	"17,00"	"32,73"	"36,00"	"0,00"	"100,19"	27/09/2025	"32,73"	"100,00"
000259	ANIS SECO	"7,00"	"31,82"	"35,00"	"0,00"	"100,19"	17/09/2025	"31,82"	"100,00"
001851	Brugal Doble Reserva	"4,00"	"30,91"	"34,00"	"0,00"	"100,20"	14/08/2025	"30,91"	"100,00"
001696	JAMESON BLACK BARREL	"3,00"	"29,86"	"32,85"	"0,00"	"100,20"	26/06/2025	"29,86"	"100,00"
000678	2 HAMACAS + SOMBRILLA	"2,00"	"29,09"	"32,00"	"0,00"	"100,20"	23/04/2025	"29,09"	"100,00"
000007	BATIDO DE FRESA	"13,00"	"26,59"	"29,25"	"0,00"	"100,21"	17/06/2025	"26,59"	"100,00"
001272	BATIDO VAINILLA ESPECIAL	"5,00"	"25,00"	"27,50"	"0,00"	"100,21"	11/08/2025	"25,00"	"100,00"
001904	Take Grande	"68,00"	"24,73"	"27,20"	"0,00"	"100,21"	21/09/2025	"24,73"	"100,00"
001905	Take pequeño	"136,00"	"24,73"	"27,20"	"0,00"	"100,21"	29/09/2025	"24,73"	"100,00"
000533	BELLAGIO	"6,00"	"23,73"	"26,10"	"0,00"	"100,22"	03/09/2025	"23,73"	"100,00"
001920	Amontillado	"4,00"	"23,64"	"26,00"	"0,00"	"100,22"	04/09/2025	"23,64"	"100,00"
000538	CALIPSO	"5,00"	"22,50"	"24,75"	"0,00"	"100,22"	16/08/2025	"22,50"	"100,00"
000584	SODA	"24,00"	"20,45"	"22,50"	"0,00"	"100,22"	18/08/2025	"20,45"	"100,00"
000364	SMIRNOFF	"3,00"	"20,45"	"22,50"	"0,00"	"100,22"	23/08/2025	"20,45"	"100,00"
001465	BOWL SIN LACTOSA	"12,00"	"19,64"	"21,60"	"0,00"	"100,23"	14/09/2025	"19,64"	"100,00"
000415	PAMPERO ANIVERSARIO	"3,00"	"19,55"	"21,50"	"0,00"	"100,23"	01/08/2025	"19,55"	"100,00"
001512	CHERRY	"70,00"	"18,82"	"20,70"	"0,00"	"100,23"	30/09/2025	"18,82"	"100,00"
000311	CHIVAS 12	"2,00"	"18,09"	"19,90"	"0,00"	"100,23"	18/02/2025	"18,09"	"100,00"
001812	SUG_1 9.95	"2,00"	"18,09"	"19,90"	"0,00"	"100,23"	26/06/2025	"18,09"	"100,00"
001963	Café para llevar	"7,00"	"17,82"	"19,60"	"0,00"	"100,24"	29/09/2025	"17,82"	"100,00"
000005	LIMONADA	"42,00"	"16,64"	"18,30"	"0,00"	"100,24"	24/09/2025	"16,64"	"100,00"
000591	BEEFEATER 24	"2,00"	"16,27"	"17,90"	"0,00"	"100,24"	12/01/2025	"16,27"	"100,00"
000263	PONCHE CABALLERO	"3,00"	"15,00"	"16,50"	"0,00"	"100,24"	29/06/2025	"15,00"	"100,00"
000271	SHERIDAN´S	"3,00"	"15,00"	"16,50"	"0,00"	"100,24"	07/08/2025	"15,00"	"100,00"
000244	TINTO DE VERANO + NARANJA	"7,00"	"14,64"	"16,10"	"0,00"	"100,24"	04/09/2025	"14,64"	"100,00"
001286	nata	"32,00"	"14,55"	"16,00"	"0,00"	"100,24"	21/09/2025	"14,55"	"100,00"
000312	CHIVAS 18	"1,00"	"14,50"	"15,95"	"0,00"	"100,25"	08/07/2025	"14,50"	"100,00"
001276	PASION DE COCO	"2,00"	"11,82"	"13,00"	"0,00"	"100,25"	07/08/2025	"11,82"	"100,00"
001788	SIROPE CARAMELO	"14,00"	"11,82"	"13,00"	"0,00"	"100,25"	22/09/2025	"11,82"	"100,00"
001833	SAN MIGUEL ED. ALUMINIO	"4,00"	"11,64"	"12,80"	"0,00"	"100,25"	07/08/2025	"11,64"	"100,00"
001845	LA MATEO ROSADO COPA	"4,00"	"11,45"	"12,60"	"0,00"	"100,25"	06/08/2025	"11,45"	"100,00"
001919	Oloroso	"2,00"	"9,45"	"10,40"	"0,00"	"100,25"	16/09/2025	"9,45"	"100,00"
001789	SIROPE CHOCOLATE	"10,00"	"9,09"	"10,00"	"0,00"	"100,25"	22/09/2025	"9,09"	"100,00"
001363	TE GAMA MEDIA	"2,00"	"8,18"	"9,00"	"0,00"	"100,25"	24/09/2025	"8,18"	"100,00"
001917	Fino Rama	"2,00"	"8,18"	"9,00"	"0,00"	"100,25"	07/09/2025	"8,18"	"100,00"
001464	BOWL SOJA	"5,00"	"8,18"	"9,00"	"0,00"	"100,25"	28/07/2025	"8,18"	"100,00"
001361	CAFE DE MEXICO DESCAFEINADO 250gr	"1,00"	"7,27"	"8,00"	"0,00"	"100,25"	08/08/2025	"7,27"	"100,00"
000505	BOMBAY	"1,00"	"6,32"	"6,95"	"0,00"	"100,26"	03/01/2025	"6,32"	"100,00"
000480	GUAJIRO MIEL	"1,00"	"5,91"	"6,50"	"0,00"	"100,26"	22/01/2025	"5,91"	"100,00"
001607	Vox	"1,00"	"5,91"	"6,50"	"0,00"	"100,26"	11/03/2025	"5,91"	"100,00"
001652	SIROPE EXTRA	"6,00"	"5,45"	"6,00"	"0,00"	"100,26"	13/07/2025	"5,45"	"100,00"
000368	ERISTOFF BLACK	"1,00"	"5,45"	"6,00"	"0,00"	"100,26"	20/04/2025	"5,45"	"100,00"
000276	TEQUILA BLANCO	"1,00"	"5,00"	"5,50"	"0,00"	"100,26"	26/01/2025	"5,00"	"100,00"
000252	LICOR DE AVELLANA	"1,00"	"5,00"	"5,50"	"0,00"	"100,26"	24/06/2025	"5,00"	"100,00"
001366	TE OFERTAS	"2,00"	"4,55"	"5,00"	"0,00"	"100,26"	09/03/2025	"4,55"	"100,00"
000290	RIVES LIMA	"1,00"	"4,09"	"4,50"	"0,00"	"100,26"	13/05/2025	"4,09"	"100,00"
001459	CAÑA SIN	"2,00"	"3,36"	"3,70"	"0,00"	"100,26"	03/09/2025	"3,36"	"100,00"
001922	Manzanilla Trinidad	"1,00"	"3,25"	"3,58"	"0,00"	"100,26"	03/08/2025	"3,25"	"100,00"
001780	GLOWY FRESA/NATA	"1,00"	"3,18"	"3,50"	"0,00"	"100,26"	18/02/2025	"3,18"	"100,00"
001903	Bolsa	"34,00"	"3,09"	"3,40"	"0,00"	"100,26"	22/09/2025	"3,09"	"100,00"
001253	DIABLO	"1,00"	"2,91"	"3,20"	"0,00"	"100,26"	27/02/2025	"2,91"	"100,00"
001790	SIROPE FRESA	"3,00"	"2,73"	"3,00"	"0,00"	"100,26"	13/08/2025	"2,73"	"100,00"
001895	CALIMOCHO	"1,00"	"2,68"	"2,95"	"0,00"	"100,26"	04/08/2025	"2,68"	"100,00"
001632	almendra crocanti	"4,00"	"2,18"	"2,40"	"0,00"	"100,26"	16/09/2025	"2,18"	"100,00"
001622	l.almendras	"20,00"	"1,82"	"2,00"	"0,00"	"100,26"	04/08/2025	"1,82"	"100,00"
001629	Barquillo	"1,00"	"0,36"	"0,40"	"0,00"	"100,26"	12/05/2025	"0,36"	"100,00"
000914	BOTELLA TORRES 10	"4,38"	"0,00"	"0,00"	"0,00"	"100,26"	14/08/2025	"0,00"	"0,00"
000782	descafeinado	"3.057,00"	"0,00"	"0,00"	"0,00"	"100,26"	30/09/2025	"0,00"	"0,00"
000695	Miel	"10,00"	"0,00"	"0,00"	"0,00"	"100,26"	13/06/2025	"0,00"	"0,00"
001044	BOTELLA BARCELO IMPERIAL	"0,08"	"0,00"	"0,00"	"0,00"	"100,26"	17/09/2025	"0,00"	"0,00"
001901	Arroz acomp	"364,00"	"0,00"	"0,00"	"0,00"	"100,26"	30/09/2025	"0,00"	"0,00"
000836	Botella Larios 12	"1,39"	"0,00"	"0,00"	"0,00"	"100,26"	29/09/2025	"0,00"	"0,00"
001162	BOTELLA TEQUILA JOSE CUERVO	"7,88"	"0,00"	"0,00"	"0,00"	"100,26"	10/08/2025	"0,00"	"0,00"
000679	1 HAMACA + SOMBRILLA	"0,00"	"0,00"	"0,00"	"0,00"	"100,26"	10/01/2025	"0,00"	"0,00"
000843	BOTELLA BARCELO	"110,75"	"0,00"	"0,00"	"0,00"	"100,26"	29/09/2025	"0,00"	"0,00"
000909	BOTELLA MAGNO	"5,25"	"0,00"	"0,00"	"0,00"	"100,26"	10/09/2025	"0,00"	"0,00"
000671	leche sin lactosa	"1.526,00"	"0,00"	"0,00"	"0,00"	"100,26"	30/09/2025	"0,00"	"0,00"
000916	BOTELLA TORRES 5	"8,05"	"0,00"	"0,00"	"0,00"	"100,26"	23/09/2025	"0,00"	"0,00"
000438	BACARDI 8	"0,00"	"0,00"	"0,00"	"0,00"	"100,26"	14/06/2025	"0,00"	"0,00"
001097	BOTELLA BAILEYS	"57,63"	"0,00"	"0,00"	"0,00"	"100,26"	28/09/2025	"0,00"	"0,00"
001160	BOTELLA SHERIDANS	"0,38"	"0,00"	"0,00"	"0,00"	"100,26"	07/08/2025	"0,00"	"0,00"
001127	BOTELLA MARTINI BLANCO	"6,50"	"0,00"	"0,00"	"0,00"	"100,26"	21/09/2025	"0,00"	"0,00"
001152	BOTELLA RIVES LIMA	"0,13"	"0,00"	"0,00"	"0,00"	"100,26"	13/05/2025	"0,00"	"0,00"
000025	AGUA MEDIANA	"12,00"	"0,00"	"0,00"	"0,00"	"100,26"	13/08/2025	"0,00"	"0,00"
001129	BOTELLA MARTINI ROJO	"7,88"	"0,00"	"0,00"	"0,00"	"100,26"	28/09/2025	"0,00"	"0,00"
001161	BOTELLA TEQUILA BLANCO	"0,13"	"0,00"	"0,00"	"0,00"	"100,26"	26/01/2025	"0,00"	"0,00"
000668	TONICA NORDIC BLUE	"1,00"	"0,00"	"0,00"	"0,00"	"100,26"	08/08/2025	"0,00"	"0,00"
001208	helado vainilla	"2,00"	"0,00"	"0,00"	"0,00"	"100,26"	28/05/2025	"0,00"	"0,00"
001091	BOTELLA AMARETO	"10,63"	"0,00"	"0,00"	"0,00"	"100,26"	24/09/2025	"0,00"	"0,00"
001147	BOTELLA PONCHE CABALLERO	"0,38"	"0,00"	"0,00"	"0,00"	"100,26"	29/06/2025	"0,00"	"0,00"
001627	nata	"144,00"	"0,00"	"0,00"	"0,00"	"100,26"	28/09/2025	"0,00"	"0,00"
001262	sirope chocolate	"62,00"	"0,00"	"0,00"	"0,00"	"100,26"	20/09/2025	"0,00"	"0,00"
001625	dulce de leche	"27,00"	"0,00"	"0,00"	"0,00"	"100,26"	09/09/2025	"0,00"	"0,00"
001124	BOTELLA MALIBU	"2,63"	"0,00"	"0,00"	"0,00"	"100,26"	20/09/2025	"0,00"	"0,00"
001261	sirope caramelo	"16,00"	"0,00"	"0,00"	"0,00"	"100,26"	23/09/2025	"0,00"	"0,00"
001224	americano	"140,00"	"0,00"	"0,00"	"0,00"	"100,26"	28/09/2025	"0,00"	"0,00"
001263	nutella	"590,00"	"0,00"	"0,00"	"0,00"	"100,26"	30/09/2025	"0,00"	"0,00"
001564	Aguacate	"1,00"	"0,00"	"0,00"	"0,00"	"100,26"	10/06/2025	"0,00"	"0,00"
001610	Tonica zero	"424,00"	"0,00"	"0,00"	"0,00"	"100,26"	29/09/2025	"0,00"	"0,00"
001574	Naranja	"5,00"	"0,00"	"0,00"	"0,00"	"100,26"	11/08/2025	"0,00"	"0,00"
001442	AGUA PERRIER	"40,00"	"0,00"	"0,00"	"0,00"	"100,26"	29/09/2025	"0,00"	"0,00"
001555	descafeinado	"1.113,00"	"0,00"	"0,00"	"0,00"	"100,26"	30/09/2025	"0,00"	"0,00"
001225	cortado	"91,00"	"0,00"	"0,00"	"0,00"	"100,26"	30/09/2025	"0,00"	"0,00"
001260	sirope fresa	"8,00"	"0,00"	"0,00"	"0,00"	"100,26"	04/09/2025	"0,00"	"0,00"
001601	nachos	"436,00"	"0,00"	"0,00"	"0,00"	"100,26"	30/09/2025	"0,00"	"0,00"
001613	patatas baston	"3.599,00"	"0,00"	"0,00"	"0,00"	"100,26"	30/09/2025	"0,00"	"0,00"
001823	Ketchup Acomp.	"1.340,00"	"0,00"	"0,00"	"0,00"	"100,26"	30/09/2025	"0,00"	"0,00"
001822	Mayonesa Acomp.	"1.744,00"	"0,00"	"0,00"	"0,00"	"100,26"	30/09/2025	"0,00"	"0,00"
001758	Boniato Acomp	"1.713,00"	"0,00"	"0,00"	"0,00"	"100,26"	30/09/2025	"0,00"	"0,00"
001824	Guacamole Acomp	"778,00"	"0,00"	"0,00"	"0,00"	"100,26"	30/09/2025	"0,00"	"0,00"
001626	chocolate blanco	"1,00"	"0,00"	"0,00"	"0,00"	"100,26"	12/09/2025	"0,00"	"0,00"
001897	barbacoa acomp	"178,00"	"0,00"	"0,00"	"0,00"	"100,26"	30/09/2025	"0,00"	"0,00"
001827	Salsa 2.0 Acomp.	"8,00"	"0,00"	"0,00"	"0,00"	"100,26"	21/08/2025	"0,00"	"0,00"
001164	BOTELLA TIA MARIA	"1,25"	"0,00"	"0,00"	"0,00"	"100,26"	24/09/2025	"0,00"	"0,00"
001826	S. Mayo-Miel Acomp.	"38,00"	"0,00"	"0,00"	"0,00"	"100,26"	22/09/2025	"0,00"	"0,00"
001825	S Brava Acomp	"37,00"	"0,00"	"0,00"	"0,00"	"100,26"	24/09/2025	"0,00"	"0,00"
001624	l.sin lactosa	"23,00"	"0,00"	"0,00"	"0,00"	"100,26"	01/08/2025	"0,00"	"0,00"
001116	BOTELLA LICOR 43	"3,88"	"0,00"	"0,00"	"0,00"	"100,26"	26/09/2025	"0,00"	"0,00"
001962	Huevo frito infantil	"3,00"	"0,00"	"0,00"	"0,00"	"100,26"	08/09/2025	"0,00"	"0,00"
001103	BOTELLA CAMPARI	"7,75"	"0,00"	"0,00"	"0,00"	"100,26"	27/09/2025	"0,00"	"0,00"
001934	DOBLE	"208,00"	"0,00"	"0,00"	"0,00"	"100,26"	28/09/2025	"0,00"	"0,00"
001943	CUBIERTOS_PLAYA	"100,00"	"0,00"	"0,00"	"0,00"	"100,26"	28/09/2025	"0,00"	"0,00"
001940	LEVANTAR MESA	"4,00"	"0,00"	"0,00"	"0,00"	"100,26"	28/06/2025	"0,00"	"0,00"
001910	Muy Hecho	"16,00"	"0,00"	"0,00"	"0,00"	"100,26"	15/09/2025	"0,00"	"0,00"
001928	PICOTEO!!!	"11,00"	"0,00"	"0,00"	"0,00"	"100,26"	07/07/2025	"0,00"	"0,00"
001926	croqueta aperol	"41,00"	"0,00"	"0,00"	"0,00"	"100,26"	28/06/2025	"0,00"	"0,00"
001925	Sale	"436,00"	"0,00"	"0,00"	"0,00"	"100,26"	30/09/2025	"0,00"	"0,00"
001930	Nube	"640,00"	"0,00"	"0,00"	"0,00"	"100,26"	30/09/2025	"0,00"	"0,00"
001933	Largo	"190,00"	"0,00"	"0,00"	"0,00"	"100,26"	29/09/2025	"0,00"	"0,00"
001942	con casera	"328,00"	"0,00"	"0,00"	"0,00"	"100,26"	28/09/2025	"0,00"	"0,00"
001941	con limón	"1.807,00"	"0,00"	"0,00"	"0,00"	"100,26"	30/09/2025	"0,00"	"0,00"
001939	Melocotón	"149,00"	"0,00"	"0,00"	"0,00"	"100,26"	30/09/2025	"0,00"	"0,00"
001935	AMERICANO	"25,00"	"0,00"	"0,00"	"0,00"	"100,26"	20/09/2025	"0,00"	"0,00"
001959	Rooibos Manzana Canela	"32,00"	"0,00"	"0,00"	"0,00"	"100,26"	30/09/2025	"0,00"	"0,00"
001960	Rooibos Naranja Choco	"10,00"	"0,00"	"0,00"	"0,00"	"100,26"	28/09/2025	"0,00"	"0,00"
001956	Ayurveda	"27,00"	"0,00"	"0,00"	"0,00"	"100,26"	30/09/2025	"0,00"	"0,00"
001958	Rooibos Pakistani	"37,00"	"0,00"	"0,00"	"0,00"	"100,26"	29/09/2025	"0,00"	"0,00"
001932	Mitad	"3.823,00"	"0,00"	"0,00"	"0,00"	"100,26"	30/09/2025	"0,00"	"0,00"
001915	Montada	"16,00"	"0,00"	"0,00"	"0,00"	"100,26"	24/09/2025	"0,00"	"0,00"
001929	LIMPIAR!!!	"1,00"	"0,00"	"0,00"	"0,00"	"100,26"	25/06/2025	"0,00"	"0,00"
001938	Fresa	"227,00"	"0,00"	"0,00"	"0,00"	"100,26"	30/09/2025	"0,00"	"0,00"
001937	cortado doble	"23,00"	"0,00"	"0,00"	"0,00"	"100,26"	19/09/2025	"0,00"	"0,00"
001913	Patatas fritas	"225,00"	"0,00"	"0,00"	"0,00"	"100,26"	29/09/2025	"0,00"	"0,00"
001957	Canto del Lama	"15,00"	"0,00"	"0,00"	"0,00"	"100,26"	30/09/2025	"0,00"	"0,00"
001931	Sombra	"560,00"	"0,00"	"0,00"	"0,00"	"100,26"	30/09/2025	"0,00"	"0,00"
001944	Negro	"24,00"	"0,00"	"0,00"	"0,00"	"100,26"	26/09/2025	"0,00"	"0,00"
001945	Verde	"119,00"	"0,00"	"0,00"	"0,00"	"100,26"	30/09/2025	"0,00"	"0,00"
001914	Arroz	"59,00"	"0,00"	"0,00"	"0,00"	"100,26"	30/09/2025	"0,00"	"0,00"
001951	Pakistaní Supremo	"35,00"	"0,00"	"0,00"	"0,00"	"100,26"	28/09/2025	"0,00"	"0,00"
001950	Earl Gray	"47,00"	"0,00"	"0,00"	"0,00"	"100,26"	30/09/2025	"0,00"	"0,00"
001953	Galleta y Especias	"8,00"	"0,00"	"0,00"	"0,00"	"100,26"	30/09/2025	"0,00"	"0,00"
001949	Groundpowder	"14,00"	"0,00"	"0,00"	"0,00"	"100,26"	26/08/2025	"0,00"	"0,00"
001952	"Piña, Jengibre..."	"28,00"	"0,00"	"0,00"	"0,00"	"100,26"	25/09/2025	"0,00"	"0,00"
001307	leche condensada	"13,00"	"0,00"	"0,00"	"0,00"	"100,26"	21/09/2025	"0,00"	"0,00"
001106	BOTELLA COINTREAU	"1,13"	"0,00"	"0,00"	"0,00"	"100,26"	04/08/2025	"0,00"	"0,00"
001110	BOTELLA FRANGELICO	"1,63"	"0,00"	"0,00"	"0,00"	"100,26"	21/09/2025	"0,00"	"0,00"
001898	Teriyaki acomp	"87,00"	"0,00"	"0,00"	"0,00"	"100,26"	28/09/2025	"0,00"	"0,00"
001902	Noodles acomp	"653,00"	"0,00"	"0,00"	"0,00"	"100,26"	30/09/2025	"0,00"	"0,00"
001112	BOTELLA JAGERMEISTER	"4,63"	"0,00"	"0,00"	"0,00"	"100,26"	17/09/2025	"0,00"	"0,00"
001948	English Breakfast	"32,00"	"0,00"	"0,00"	"0,00"	"100,26"	30/09/2025	"0,00"	"0,00"
001961	Suspiro	"4,00"	"0,00"	"0,00"	"0,00"	"100,26"	27/08/2025	"0,00"	"0,00"
001907	Punto menos	"32,00"	"0,00"	"0,00"	"0,00"	"100,26"	27/09/2025	"0,00"	"0,00"
001908	Al Punto	"139,00"	"0,00"	"0,00"	"0,00"	"100,26"	30/09/2025	"0,00"	"0,00"
001946	Supremo	"4,00"	"0,00"	"0,00"	"0,00"	"100,26"	09/09/2025	"0,00"	"0,00"
001909	Punto Más	"26,00"	"0,00"	"0,00"	"0,00"	"100,26"	23/09/2025	"0,00"	"0,00"
001947	Oolong	"3,00"	"0,00"	"0,00"	"0,00"	"100,26"	10/09/2025	"0,00"	"0,00"
001906	Poco hecho	"28,00"	"0,00"	"0,00"	"0,00"	"100,26"	28/09/2025	"0,00"	"0,00"
001955	Caramelo y nueces	"11,00"	"0,00"	"0,00"	"0,00"	"100,26"	30/09/2025	"0,00"	"0,00"
001911	Pollo empanado	"219,00"	"0,00"	"0,00"	"0,00"	"100,26"	29/09/2025	"0,00"	"0,00"
001912	Pollo plancha	"59,00"	"0,00"	"0,00"	"0,00"	"100,26"	30/09/2025	"0,00"	"0,00"
001954	Chai	"32,00"	"0,00"	"0,00"	"0,00"	"100,26"	30/09/2025	"0,00"	"0,00"
001400	DESCUENTOS	"197,00"	"-776,90"	"-854,59"	"-0,08"	"100,19"	10/04/2025	"-776,90"	"100,00"
ç		"370,00"	"-1.904,55"	"-2.095,01"	"-0,19"	"100,00"	30/09/2025	"-1.904,55"	"100,00"