Código,Descripción,Unidades,Importe,Total,Importe,Total,I.I.,%,Venta,%,Acumu.,Fecha,Ult.Vta.,Beneficio,B.I.,%,Ben.
000211,HAMACA,"8.635,00","49.914,05","60.396,00","6,02","6,02",26/09/2025,"49.914,05","100,00"
000149,CAFÉ,CON,LECHE,"13.661,00","28.677,00","31.544,70","3,46","9,48",26/09/2025,"28.677,00","100,00"
000754,CAÑITA,5,ESTRELLAS,"9.053,00","21.436,27","23.579,90","2,59","12,07",26/09/2025,"21.436,27","100,00"
001849,SOMBRILLA,"4.248,00","17.541,32","21.225,00","2,12","14,18",26/09/2025,"17.541,32","100,00"
000109,BURGUER,LA,CHANCLA,"1.321,00","16.586,18","18.244,80","2,00","16,18",26/09/2025,"16.586,18","100,00"
000755,JARRA,5,ESTRELLAS,"4.167,00","16.509,32","18.160,25","1,99","18,18",26/09/2025,"16.509,32","100,00"
000129,MAHOU,33CL,"5.551,00","16.145,50","17.760,05","1,95","20,12",26/09/2025,"16.145,50","100,00"
000213,CAMA,1,DIA,"555,00","16.053,72","19.425,00","1,94","22,06",26/09/2025,"16.053,72","100,00"
001663,ALHAMBRA,1925,"4.165,00","13.760,09","15.136,10","1,66","23,72",26/09/2025,"13.760,09","100,00"
001792,Bot.,Agua,Solan,50cl,"7.073,00","13.662,23","15.028,45","1,65","25,37",26/09/2025,"13.662,23","100,00"
001805,PESCADO,PLANCHA,"948,00","13.442,36","14.786,60","1,62","26,99",25/09/2025,"13.442,36","100,00"
000100,SANDWICH,CLUB,"1.174,00","13.264,82","14.591,30","1,60","28,59",26/09/2025,"13.264,82","100,00"
000727,WOK,POLLO,"1.069,00","13.090,23","14.399,25","1,58","30,17",26/09/2025,"13.090,23","100,00"
000381,MOJITO,"1.624,00","12.385,59","13.624,15","1,49","31,66",26/09/2025,"12.385,59","100,00"
001660,NACHOS,GOURMET,"1.058,00","11.884,73","13.073,20","1,43","33,10",26/09/2025,"11.884,73","100,00"
001791,Bot.,Agua,Solan,Con,Gas,33cl,"4.491,00","9.935,45","10.929,00","1,20","34,29",26/09/2025,"9.935,45","100,00"
000656,BRAVAS,"1.134,00","9.934,82","10.928,30","1,20","35,49",26/09/2025,"9.934,82","100,00"
000093,ENSALADA,CABRA,"798,00","9.565,50","10.522,05","1,15","36,65",26/09/2025,"9.565,50","100,00"
000772,CROQUETAS,"844,00","9.494,36","10.443,80","1,15","37,79",26/09/2025,"9.494,36","100,00"
000393,APEROL,SPRITZ,"1.526,00","9.011,36","9.912,50","1,09","38,88",26/09/2025,"9.011,36","100,00"
000092,ENSALADA,CESAR,"743,00","8.970,45","9.867,50","1,08","39,96",26/09/2025,"8.970,45","100,00"
001799,POLLO,CAJÚN,"988,00","8.936,91","9.830,60","1,08","41,04",25/09/2025,"8.936,91","100,00"
001389,WOK,SALMON,"673,00","8.918,50","9.810,35","1,08","42,12",26/09/2025,"8.918,50","100,00"
000006,ZUMO,NARANJA,NAT.,(Desay.),"3.376,00","8.868,77","9.755,65","1,07","43,19",26/09/2025,"8.868,77","100,00"
001711,CRISPY,CHICKEN,"904,00","8.177,09","8.994,80","0,99","44,17",25/09/2025,"8.177,09","100,00"
001804,LOMO,ALTO,"421,00","8.018,14","8.819,95","0,97","45,14",25/09/2025,"8.018,14","100,00"
000229,TINTO,DE,VERANO,"3.087,00","8.002,64","8.802,90","0,97","46,10",26/09/2025,"8.002,64","100,00"
001800,BASTONES,DE,BONIATO,"1.171,00","7.637,68","8.401,45","0,92","47,03",26/09/2025,"7.637,68","100,00"
000876,ENSALADILLA,RUSA,"657,00","7.573,77","8.331,15","0,91","47,94",26/09/2025,"7.573,77","100,00"
001488,MULTICEREAL,"5.240,00","7.563,64","8.320,00","0,91","48,85",26/09/2025,"7.563,64","100,00"
001386,ENSALADA,REFRESCANTE,"586,00","7.099,68","7.809,65","0,86","49,71",25/09/2025,"7.099,68","100,00"
001200,TARTAR,DE,ATUN,ROJO,"471,00","7.098,59","7.808,45","0,86","50,56",25/09/2025,"7.098,59","100,00"
001768,COSTILLA,DE,CERDO,"489,00","6.915,05","7.606,55","0,83","51,40",26/09/2025,"6.915,05","100,00"
000003,COLA,ZERO,"3.815,00","6.878,41","7.566,25","0,83","52,23",26/09/2025,"6.878,41","100,00"
000769,TATAKI,DE,ATÚN,"393,00","6.665,77","7.332,35","0,80","53,03",25/09/2025,"6.665,77","100,00"
000384,PIÑA,COLADA,"806,00","6.418,82","7.060,70","0,77","53,81",26/09/2025,"6.418,82","100,00"
000771,MINI-BURGUER,CASERA,TERNERA,"1.049,00","6.339,59","6.973,55","0,76","54,57",26/09/2025,"6.339,59","100,00"
001487,RUSTICO,"4.606,00","6.244,09","6.868,50","0,75","55,33",26/09/2025,"6.244,09","100,00"
000095,ENSALADA,TEMPLADA,"490,00","6.213,86","6.835,25","0,75","56,07",26/09/2025,"6.213,86","100,00"
000153,CAPPUCCINO,ITALIANO,"2.530,00","5.937,45","6.531,20","0,72","56,79",26/09/2025,"5.937,45","100,00"
000103,POLLO,TIKA,MASSALA,"532,00","5.747,27","6.322,00","0,69","57,48",26/09/2025,"5.747,27","100,00"
000212,CAMA,1/2,DIA,"225,00","5.137,19","6.216,00","0,62","58,10",26/09/2025,"5.137,19","100,00"
001682,BEEFETER,"757,00","5.055,45","5.561,00","0,61","58,71",22/09/2025,"5.055,45","100,00"
001817,SUG_6,14.95,"366,00","4.964,50","5.460,95","0,60","59,31",26/09/2025,"4.964,50","100,00"
000001,COCACOLA,"3.399,00","4.863,82","5.350,20","0,59","59,90",26/09/2025,"4.863,82","100,00"
000411,BARCELO,AÑEJO,"668,00","4.761,82","5.238,00","0,57","60,47",24/09/2025,"4.761,82","100,00"
001495,JAMÓN,IBÉRICO,"2.112,00","4.756,82","5.232,50","0,57","61,05",26/09/2025,"4.756,82","100,00"
001874,Mar,de,seda,copa,"1.485,00","4.725,00","5.197,50","0,57","61,62",26/09/2025,"4.725,00","100,00"
001683,SEAGRANS,"696,00","4.662,27","5.128,50","0,56","62,18",25/09/2025,"4.662,27","100,00"
001590,UNIVERSAL,"1.277,00","4.607,27","5.068,00","0,56","62,74",26/09/2025,"4.607,27","100,00"
000106,MINI-TORTILLA,"710,00","4.485,91","4.934,50","0,54","63,28",26/09/2025,"4.485,91","100,00"
000121,"HUEVOS,,PATATAS,,SETAS,TRUFA","365,00","4.436,14","4.879,75","0,54","63,81",26/09/2025,"4.436,14","100,00"
000753,AGUA,PARA,LLEVAR,0.50,L,"2.271,00","4.327,18","4.759,90","0,52","64,33",26/09/2025,"4.327,18","100,00"
000776,ZUMO,NARANJA,NATURAL,GRANDE,"1.151,00","4.270,14","4.697,15","0,52","64,85",26/09/2025,"4.270,14","100,00"
001235,VERDEO,COPA,"1.298,00","3.953,00","4.348,30","0,48","65,33",25/05/2025,"3.953,00","100,00"
000170,CAFÉ,CON,HIELO,"1.891,00","3.951,82","4.347,00","0,48","65,80",26/09/2025,"3.951,82","100,00"
001808,"MAHOU,0,0,TOSTADA","1.368,00","3.881,95","4.270,15","0,47","66,27",26/09/2025,"3.881,95","100,00"
000793,SANGRIA,JARRA,"907,00","3.866,45","4.678,40","0,47","66,74",26/09/2025,"3.866,45","100,00"
000148,ESPRESSO,"2.167,00","3.857,82","4.243,60","0,47","67,20",26/09/2025,"3.857,82","100,00"
000176,AMERICANO,"2.188,00","3.854,64","4.240,10","0,46","67,67",26/09/2025,"3.854,64","100,00"
000156,TÉ,"1.683,00","3.797,73","4.177,50","0,46","68,13",26/09/2025,"3.797,73","100,00"
000131,CORONITAS,"1.134,00","3.774,55","4.152,00","0,46","68,58",26/09/2025,"3.774,55","100,00"
000108,MENU,INFANTIL,"478,00","3.693,64","4.063,00","0,45","69,03",25/09/2025,"3.693,64","100,00"
000509,LARIOS,"594,00","3.680,45","4.048,50","0,44","69,47",23/09/2025,"3.680,45","100,00"
001864,"CAFE,,HIELO,Y,LECHE","1.562,00","3.679,27","4.047,20","0,44","69,92",26/09/2025,"3.679,27","100,00"
001489,MOLLETE,"2.692,00","3.651,82","4.017,00","0,44","70,36",26/09/2025,"3.651,82","100,00"
001505,ACEITE,"7.679,00","3.478,64","3.826,50","0,42","70,78",26/09/2025,"3.478,64","100,00"
001486,CROISSANT,"1.711,00","3.348,00","3.682,80","0,40","71,18",26/09/2025,"3.348,00","100,00"
001242,PIMIENTOS,DEL,PADRON,"521,00","3.291,77","3.620,95","0,40","71,58",25/09/2025,"3.291,77","100,00"
000508,TANQUERAY,"491,00","3.275,45","3.603,00","0,40","71,97",26/09/2025,"3.275,45","100,00"
000516,LARIOS,12,"484,00","3.234,55","3.558,00","0,39","72,36",25/09/2025,"3.234,55","100,00"
000792,SANGRIA,PEQUEÑA,"895,00","3.127,00","3.439,70","0,38","72,74",26/09/2025,"3.127,00","100,00"
000394,MARGARITA,"408,00","3.100,23","3.410,25","0,37","73,11",26/09/2025,"3.100,23","100,00"
000822,VARIOS,"328,00","3.043,68","3.348,05","0,37","73,48",26/09/2025,"3.043,68","100,00"
001816,SUG_5,13.95,"232,00","2.942,18","3.236,40","0,35","73,83",25/09/2025,"2.942,18","100,00"
001798,REBANÁ,"311,00","2.813,14","3.094,45","0,34","74,17",25/09/2025,"2.813,14","100,00"
001507,EMULSION,TOMATE,"5.987,00","2.706,36","2.977,00","0,33","74,50",26/09/2025,"2.706,36","100,00"
001504,AGUACATE,"3.322,00","2.687,73","2.956,50","0,32","74,82",26/09/2025,"2.687,73","100,00"
001819,SUG_8,16.95,"173,00","2.665,77","2.932,35","0,32","75,15",09/06/2025,"2.665,77","100,00"
001371,BROWNIE,CLASICO,"422,00","2.605,32","2.865,85","0,31","75,46",26/09/2025,"2.605,32","100,00"
001394,JARRA,TINTO,DE,VERANO,"690,00","2.600,82","2.860,90","0,31","75,77",25/09/2025,"2.600,82","100,00"
000740,MOJITO,FRESA,"336,00","2.561,36","2.817,50","0,31","76,08",25/09/2025,"2.561,36","100,00"
000395,DAIKIRI,DE,FRESA,"330,00","2.525,50","2.778,05","0,30","76,39",26/09/2025,"2.525,50","100,00"
001617,WOK,VEGANO,"271,00","2.495,91","2.745,50","0,30","76,69",26/09/2025,"2.495,91","100,00"
000242,JUVE,Y,CAMPS,COPA,"694,00","2.484,91","2.733,40","0,30","76,99",26/09/2025,"2.484,91","100,00"
001794,ESPRESO,DOBLE,"1.153,00","2.464,36","2.710,80","0,30","77,29",26/09/2025,"2.464,36","100,00"
000171,CORTADO,"1.347,00","2.461,36","2.707,50","0,30","77,58",26/09/2025,"2.461,36","100,00"
001832,SUG_9,17.95,"148,00","2.415,09","2.656,60","0,29","77,87",26/09/2025,"2.415,09","100,00"
000111,PETIT,FOIE,"305,00","2.404,32","2.644,75","0,29","78,16",25/09/2025,"2.404,32","100,00"
001815,SUG_4,12.95,"201,00","2.367,23","2.603,95","0,29","78,45",24/09/2025,"2.367,23","100,00"
000380,ANTIOXIDANTE,"459,00","2.332,27","2.565,50","0,28","78,73",26/09/2025,"2.332,27","100,00"
000631,PACK,MAHOU,"295,00","2.261,05","2.487,15","0,27","79,00",26/09/2025,"2.261,05","100,00"
001787,BOWL,DE,FRUTA,"517,00","2.236,50","2.460,15","0,27","79,27",26/09/2025,"2.236,50","100,00"
001500,YORK,+,QUESO,"1.899,00","2.064,00","2.270,40","0,25","79,52",26/09/2025,"2.064,00","100,00"
001836,CORTADO,DOBLE,"912,00","2.036,91","2.240,60","0,25","79,77",26/09/2025,"2.036,91","100,00"
001319,CAÑA,MAESTRA,"706,00","1.999,27","2.199,20","0,24","80,01",25/09/2025,"1.999,27","100,00"
000778,PUESTA,DE,SOL,"415,00","1.992,00","2.191,20","0,24","80,25",26/09/2025,"1.992,00","100,00"
000807,LIMONADA,100%,"527,00","1.979,73","2.177,70","0,24","80,49",25/09/2025,"1.979,73","100,00"
001430,BROWNIE,LOTUS,"321,00","1.965,36","2.161,90","0,24","80,73",25/09/2025,"1.965,36","100,00"
000114,SANDWICH,VEGANO,"236,00","1.920,18","2.112,20","0,23","80,96",26/09/2025,"1.920,18","100,00"
001234,VERDEO,BOTELLA,"131,00","1.905,45","2.096,00","0,23","81,19",24/05/2025,"1.905,45","100,00"
000379,LA,CHANCLA,"357,00","1.904,27","2.094,70","0,23","81,42",26/09/2025,"1.904,27","100,00"
001518,TORTILLA,2H,"846,00","1.900,00","2.090,00","0,23","81,65",26/09/2025,"1.900,00","100,00"
001830,PIÑA,COLADA,SIN,"346,00","1.856,82","2.042,50","0,22","81,87",26/09/2025,"1.856,82","100,00"
000397,MOJITO,SIN,"333,00","1.773,41","1.950,75","0,21","82,08",23/09/2025,"1.773,41","100,00"
000630,PACK,ALHAMBRA,"232,00","1.749,41","1.924,35","0,21","82,30",26/09/2025,"1.749,41","100,00"
000708,CELESTE,ROBLE,COPA,"546,00","1.737,27","1.911,00","0,21","82,51",21/06/2025,"1.737,27","100,00"
000896,TARTA,DE,QUESO,"276,00","1.691,05","1.860,15","0,20","82,71",25/09/2025,"1.691,05","100,00"
000232,JUVE,Y,CAMPS,BOTELLA,"80,00","1.672,73","1.840,00","0,20","82,91",18/09/2025,"1.672,73","100,00"
000535,LATTE,MACCHIATO,"605,00","1.660,82","1.826,90","0,20","83,11",26/09/2025,"1.660,82","100,00"
000016,TÓNICA,SCHWEPPES,"3.715,00","1.640,09","1.804,10","0,20","83,31",25/09/2025,"1.640,09","100,00"
000522,MARTIN,MILLERS,"194,00","1.638,91","1.802,80","0,20","83,51",25/09/2025,"1.638,91","100,00"
001754,CLOE,ROSÉ,COPA,"494,00","1.635,86","1.799,45","0,20","83,70",26/09/2025,"1.635,86","100,00"
001813,SUG_2,10.95,"164,00","1.632,55","1.795,80","0,20","83,90",25/09/2025,"1.632,55","100,00"
001811,MALPASTOR,COPA,"519,00","1.626,86","1.789,55","0,20","84,10",22/09/2025,"1.626,86","100,00"
000270,BAILEYS,"321,00","1.605,00","1.765,50","0,19","84,29",24/09/2025,"1.605,00","100,00"
001848,VERMOUTH,GUERRA,"294,00","1.549,36","1.704,30","0,19","84,48",24/09/2025,"1.549,36","100,00"
001807,JAMÓN,SERRANO,"1.692,00","1.534,55","1.688,00","0,19","84,66",26/09/2025,"1.534,55","100,00"
001202,LARIOS,ROSE,"229,00","1.515,00","1.666,50","0,18","84,85",21/09/2025,"1.515,00","100,00"
000378,CARIBEÑO,"310,00","1.487,50","1.636,25","0,18","85,03",25/09/2025,"1.487,50","100,00"
000743,TARTA,DE,ZANAHORIA,"243,00","1.483,36","1.631,70","0,18","85,20",26/09/2025,"1.483,36","100,00"
001755,CLOE,ROSÉ,BOTELLA,"81,00","1.435,91","1.579,50","0,17","85,38",24/09/2025,"1.435,91","100,00"
000011,NESTEA,LIMÓN,"685,00","1.405,95","1.546,55","0,17","85,55",26/09/2025,"-47.229,05","-3.359,22"
001896,PAZOS,BOT,"101,00","1.395,64","1.535,20","0,17","85,72",26/09/2025,"1.395,64","100,00"
001597,San,Miguel,0.0,"487,00","1.386,73","1.525,40","0,17","85,88",26/09/2025,"1.386,73","100,00"
001875,Mar,de,seda,Botella,"127,00","1.385,45","1.524,00","0,17","86,05",25/09/2025,"1.385,45","100,00"
001331,CREPES,"357,00","1.363,09","1.499,40","0,16","86,21",23/09/2025,"1.363,09","100,00"
001752,TINTO,CASA,COPA,"386,00","1.351,00","1.486,10","0,16","86,38",26/09/2025,"1.351,00","100,00"
001463,BOWL,YOGURT,"755,00","1.336,36","1.470,00","0,16","86,54",26/09/2025,"1.336,36","100,00"
001517,REVUELTO,2H,"600,00","1.322,73","1.455,00","0,16","86,70",26/09/2025,"1.322,73","100,00"
000417,BRUGAL,"196,00","1.302,73","1.433,00","0,16","86,86",21/09/2025,"1.302,73","100,00"
000401,VITAMINICO,"262,00","1.289,50","1.418,45","0,16","87,01",26/09/2025,"1.289,50","100,00"
000578,SAN,MIGUEL,ESPECIAL,"448,00","1.278,05","1.405,85","0,15","87,16",25/09/2025,"1.278,05","100,00"
001508,MANTEQUILLA,"2.916,00","1.264,00","1.390,40","0,15","87,32",26/09/2025,"1.264,00","100,00"
001313,MAHOU,SIN,GLUTEN,"378,00","1.245,27","1.369,80","0,15","87,47",23/09/2025,"1.245,27","100,00"
001806,INTEGRAL,"1.142,00","1.242,55","1.366,80","0,15","87,62",26/09/2025,"1.242,55","100,00"
000013,NESTEA,MARACUYÁ,"584,00","1.237,73","1.361,50","0,15","87,77",25/09/2025,"1.237,73","100,00"
001818,SUG_7,15.95,"85,00","1.232,50","1.355,75","0,15","87,92",06/08/2025,"1.232,50","100,00"
001872,62,millas,Copa,"360,00","1.194,55","1.314,00","0,14","88,06",25/09/2025,"1.194,55","100,00"
001444,RADLER,MAHOU,"445,00","1.193,41","1.312,75","0,14","88,20",22/09/2025,"1.193,41","100,00"
000002,FANTA,NARANJA,"687,00","1.192,59","1.311,85","0,14","88,35",26/09/2025,"1.192,59","100,00"
001499,HUEVO,PLANCHA,1H,"1.321,00","1.189,09","1.308,00","0,14","88,49",26/09/2025,"1.189,09","100,00"
001685,ABSOLUT,"175,00","1.187,27","1.306,00","0,14","88,63",20/09/2025,"1.187,27","100,00"
000453,LEGENDARIO,ELIXIR,(7),"162,00","1.178,18","1.296,00","0,14","88,78",21/09/2025,"1.178,18","100,00"
000151,CAFÉ,HIELO,BAYLEIS,"470,00","1.175,00","1.292,50","0,14","88,92",25/09/2025,"1.175,00","100,00"
001814,SUG_3,11.95,"107,00","1.162,41","1.278,65","0,14","89,06",15/06/2025,"1.162,41","100,00"
001343,patatas,extra,"423,00","1.153,64","1.269,00","0,14","89,20",25/09/2025,"1.153,64","100,00"
000155,COLA,CAO,"639,00","1.136,09","1.249,70","0,14","89,33",26/09/2025,"1.136,09","100,00"
000020,AQUARIUS,LIMÓN,"1.648,00","1.131,05","1.244,15","0,14","89,47",26/09/2025,"1.131,05","100,00"
000715,MOJITO,FRESA,SIN,"211,00","1.127,41","1.240,15","0,14","89,61",26/09/2025,"1.127,41","100,00"
000506,BOMBAY,SAPPHIRE,"146,00","1.113,18","1.224,50","0,13","89,74",25/09/2025,"1.113,18","100,00"
000322,JOHNNY,WALKER,RED,"165,00","1.112,73","1.224,00","0,13","89,88",25/09/2025,"1.112,73","100,00"
000515,NORDES,"129,00","1.101,55","1.211,70","0,13","90,01",19/09/2025,"1.101,55","100,00"
000514,HENDRICKS,"113,00","1.062,55","1.168,80","0,13","90,14",20/09/2025,"1.062,55","100,00"
000386,LIMÓN,Y,ALGO,"214,00","1.032,00","1.135,20","0,12","90,26",22/09/2025,"1.032,00","100,00"
000383,CAIPIRIÑA,"135,00","1.031,68","1.134,85","0,12","90,39",19/09/2025,"1.031,68","100,00"
001877,Pazos,Copa,"359,00","1.028,05","1.130,85","0,12","90,51",25/09/2025,"1.028,05","100,00"
001312,COLA,ZERO,ZERO,"628,00","1.023,05","1.125,35","0,12","90,63",26/09/2025,"1.023,05","100,00"
001739,BACON,+,QUESO,"868,00","1.018,73","1.120,60","0,12","90,76",24/09/2025,"1.018,73","100,00"
000318,JOHNNY,WALKER,BLACK,"109,00","987,32","1.086,05","0,12","90,87",20/09/2025,"987,32","100,00"
001740,PAVO+QUESO,"833,00","978,55","1.076,40","0,12","90,99",26/09/2025,"978,55","100,00"
000392,BLODY,MARY,"133,00","961,23","1.057,35","0,12","91,11",25/09/2025,"961,23","100,00"
000385,SAN,FRANCISCO,"181,00","960,23","1.056,25","0,12","91,22",25/09/2025,"960,23","100,00"
000147,SAN,MIGUEL,00,"332,00","938,32","1.032,15","0,11","91,34",31/08/2025,"938,32","100,00"
000851,Pacharan,Otaola,"206,00","936,36","1.133,00","0,11","91,45",21/09/2025,"936,36","100,00"
001243,SOPA,FRIA,"119,00","928,32","1.021,15","0,11","91,56",20/09/2025,"928,32","100,00"
001318,SEIS+SEIS,COPA,"264,00","924,00","1.016,40","0,11","91,67",23/09/2025,"924,00","100,00"
001273,ESPRESSO,MARTINI,"146,00","922,45","1.014,70","0,11","91,79",25/09/2025,"922,45","100,00"
000015,FANTA,LIMÓN,"787,00","900,05","990,05","0,11","91,89",25/09/2025,"900,05","100,00"
000532,ICED,CAFÉ,"221,00","873,95","961,35","0,11","92,00",23/09/2025,"873,95","100,00"
001664,BUDWAISER,"287,00","873,68","961,05","0,11","92,10",26/09/2025,"873,68","100,00"
001684,BALLANTINES,"126,00","853,18","938,50","0,10","92,21",21/09/2025,"853,18","100,00"
000873,TARTA,DE,CHOCOLATE,"136,00","832,68","915,95","0,10","92,31",23/09/2025,"832,68","100,00"
001748,Nº,12,COPA,"261,00","830,45","913,50","0,10","92,41",25/05/2025,"830,45","100,00"
001491,MOLDE,GRUESO,"496,00","810,00","891,00","0,10","92,51",25/09/2025,"810,00","100,00"
001871,Dusky,Sound,Botella,"59,00","804,55","885,00","0,10","92,60",24/09/2025,"804,55","100,00"
001497,GOUDA,"1.117,00","802,91","883,20","0,10","92,70",26/09/2025,"802,91","100,00"
000825,CLARA,LIMON,"383,00","799,38","967,25","0,10","92,80",26/09/2025,"799,38","100,00"
000399,FLY,ME,TO,THE,MOON,"102,00","782,18","860,40","0,09","92,89",25/09/2025,"782,18","100,00"
001288,CERVEZA,HONEST.,"438,00","776,45","854,10","0,09","92,98",25/09/2025,"776,45","100,00"
001746,CLOE,COPA,"232,00","769,82","846,80","0,09","93,08",26/09/2025,"769,82","100,00"
001715,PAVO,"938,00","764,18","840,60","0,09","93,17",26/09/2025,"764,18","100,00"
000396,MORENITO,"160,00","760,50","836,55","0,09","93,26",26/09/2025,"760,50","100,00"
001528,QUESO,FRESCO,"906,00","731,45","804,60","0,09","93,35",26/09/2025,"731,45","100,00"
000783,DETOX,"134,00","728,18","801,00","0,09","93,44",26/09/2025,"728,18","100,00"
000024,AQUARIUS,NARANJA,"343,00","726,68","799,35","0,09","93,53",25/09/2025,"726,68","100,00"
000167,TÉ,CON,LECHE,"263,00","702,64","772,90","0,08","93,61",26/09/2025,"702,64","100,00"
000741,DAIKIRI,FRESA,SIN,"131,00","695,82","765,40","0,08","93,69",26/09/2025,"695,82","100,00"
000732,BLANCO,CASA,COPA,"228,00","694,36","763,80","0,08","93,78",23/06/2025,"694,36","100,00"
001218,MAESTRA,33CL,"188,00","682,05","750,25","0,08","93,86",24/09/2025,"682,05","100,00"
001320,JARRA,MAESTRA,"140,00","673,50","740,85","0,08","93,94",23/09/2025,"673,50","100,00"
001834,SUG_10,18.95,"38,00","654,64","720,10","0,08","94,02",24/09/2025,"654,64","100,00"
000567,BATIDO,DE,CHOCOLATE,"313,00","638,18","702,00","0,08","94,10",25/09/2025,"638,18","100,00"
000324,JACK,DANIELS,"88,00","632,27","695,50","0,08","94,17",23/09/2025,"632,27","100,00"
001673,ALBONDIGAS,VEGANAS,"66,00","630,00","693,00","0,08","94,25",04/05/2025,"630,00","100,00"
001490,SIN,GLUTEN,"347,00","629,09","692,00","0,08","94,33",26/09/2025,"629,09","100,00"
000707,CELESTE,ROBLE,BOTELLA,"37,00","622,27","684,50","0,08","94,40",16/06/2025,"622,27","100,00"
000308,JAMESON,"91,00","612,27","673,50","0,07","94,47",20/09/2025,"612,27","100,00"
001178,BATIDO,DE,CHOCOLATE,"116,00","599,91","659,90","0,07","94,55",20/09/2025,"599,91","100,00"
001516,HUEVO,PLANCHA,2H,"262,00","595,45","655,00","0,07","94,62",26/09/2025,"595,45","100,00"
001747,CLOE,BOTELLA,"33,00","585,00","643,50","0,07","94,69",12/09/2025,"585,00","100,00"
001493,ATÚN,"642,00","579,09","637,00","0,07","94,76",26/09/2025,"579,09","100,00"
001503,TOMATE,"2.132,00","575,73","633,30","0,07","94,83",26/09/2025,"575,73","100,00"
001265,DESCAF.,SOBRE,"286,00","563,36","619,70","0,07","94,90",24/09/2025,"563,36","100,00"
001177,ZUMO,DE,TEMPORADA,"116,00","547,50","602,25","0,07","94,96",21/09/2025,"547,50","100,00"
001287,COMBINADOS,HONEST.,"129,00","539,45","593,40","0,07","95,03",25/09/2025,"539,45","100,00"
001666,FRANZISKANER,"137,00","536,95","590,65","0,06","95,09",24/09/2025,"536,95","100,00"
001604,MACALLAN,12,"37,00","514,05","565,45","0,06","95,15",14/09/2025,"514,05","100,00"
001775,"SEAGRAMS,0,0","81,00","513,59","564,95","0,06","95,22",20/09/2025,"513,59","100,00"
000157,MENTA,POLEO,"225,00","504,55","555,00","0,06","95,28",25/09/2025,"504,55","100,00"
000529,LATTE,MACCHIATO,ACARAMELADO,"158,00","502,64","552,90","0,06","95,34",26/09/2025,"502,64","100,00"
001269,BATIDO,DE,VAINILLA,"96,00","501,55","551,70","0,06","95,40",21/09/2025,"501,55","100,00"
000159,MANZANILLA,"221,00","500,00","550,00","0,06","95,46",21/09/2025,"500,00","100,00"
000547,ZUMO,DE,PIÑA,"246,00","485,36","533,90","0,06","95,52",24/09/2025,"485,36","100,00"
001784,TORTILLA,1H,"352,00","474,55","522,00","0,06","95,57",26/09/2025,"474,55","100,00"
000719,GOFRE,DE,AZUCAR,"124,00","473,45","520,80","0,06","95,63",25/09/2025,"473,45","100,00"
000892,BOTANI,ESPUMOSO,"27,00","466,36","513,00","0,06","95,69",21/09/2025,"466,36","100,00"
001744,SAN,VALENTIN,COPA,"153,00","466,09","512,70","0,06","95,74",24/08/2025,"466,09","100,00"
001317,BOTELLA,SEIS+SEIS,"23,00","460,00","506,00","0,06","95,80",10/09/2025,"460,00","100,00"
001420,SEVEN,UP,"527,00","459,36","505,30","0,06","95,85",25/09/2025,"459,36","100,00"
000319,J&B,"69,00","457,73","503,50","0,06","95,91",14/09/2025,"457,73","100,00"
001354,TARTA,DE,SNIKER,"73,00","448,95","493,85","0,05","95,96",24/09/2025,"448,95","100,00"
001621,COPA,BOTANI,ESPUMOSO,"126,00","446,73","491,40","0,05","96,02",26/09/2025,"446,73","100,00"
000400,TOM,COLLINS,"58,00","440,68","484,75","0,05","96,07",19/09/2025,"440,68","100,00"
001742,GODELLO,COPA,"130,00","431,36","474,50","0,05","96,12",18/06/2025,"431,36","100,00"
000446,BACARDI,"63,00","415,05","456,55","0,05","96,17",22/09/2025,"415,05","100,00"
001801,BURGUER,VEGANA,"48,00","414,55","456,00","0,05","96,22",21/04/2025,"414,55","100,00"
001270,BATIDO,DE,FRESA,"79,00","412,45","453,70","0,05","96,27",23/09/2025,"412,45","100,00"
000595,BROCKMANS,"43,00","410,05","451,05","0,05","96,32",20/09/2025,"410,05","100,00"
001289,HONEST.,REFRES./,ZUMOS,/AGUA,"300,00","407,73","448,50","0,05","96,37",25/09/2025,"407,73","100,00"
001870,Dusky,Sound,copa,"128,00","407,27","448,00","0,05","96,42",26/09/2025,"407,27","100,00"
000302,WHITE,LABEL,"59,00","397,73","437,50","0,05","96,47",23/09/2025,"397,73","100,00"
001214,PAN,"622,00","395,82","435,40","0,05","96,52",26/09/2025,"395,82","100,00"
001885,Negroni,"58,00","395,45","435,00","0,05","96,56",23/09/2025,"395,45","100,00"
001498,LOMO,AL,HORNO,"387,00","386,00","424,60","0,05","96,61",25/09/2025,"386,00","100,00"
000175,CARAJILLO,"150,00","384,91","423,40","0,05","96,66",26/09/2025,"384,91","100,00"
000306,DYC,8,"56,00","371,82","409,00","0,04","96,70",22/09/2025,"371,82","100,00"
000283,TEQUILA,JOSE,CUERVO,"58,00","371,82","409,00","0,04","96,75",10/08/2025,"371,82","100,00"
000266,AMARETTO,"71,00","368,64","405,50","0,04","96,79",24/09/2025,"368,64","100,00"
001662,STELLA,ARTOIS,"135,00","362,05","398,25","0,04","96,83",22/09/2025,"362,05","100,00"
000765,VERMOUTH,DE,LA,CASA,"72,00","360,00","396,00","0,04","96,88",20/09/2025,"360,00","100,00"
000257,ORUJO,DE,HIERBAS,"72,00","360,00","396,00","0,04","96,92",25/09/2025,"360,00","100,00"
001756,Nº12,BOTELLA,"20,00","354,55","390,00","0,04","96,96",25/05/2025,"354,55","100,00"
001810,MALPASTOR,BOTELLA,"23,00","345,00","379,50","0,04","97,01",18/09/2025,"345,00","100,00"
001257,salsa,casera,"755,00","343,18","377,50","0,04","97,05",26/09/2025,"343,18","100,00"
001496,BACÓN,"466,00","333,09","366,40","0,04","97,09",26/09/2025,"333,09","100,00"
000419,SANTA,TERESA,AÑEJO,"52,00","328,55","361,40","0,04","97,13",11/09/2025,"328,55","100,00"
001844,LA,MATEO,ROSADO,BOTELLA,"15,00","327,27","360,00","0,04","97,17",22/09/2025,"327,27","100,00"
001494,YORK,"515,00","323,91","356,30","0,04","97,21",26/09/2025,"323,91","100,00"
001212,TÉ,MORUNO,"123,00","321,82","354,00","0,04","97,24",25/09/2025,"321,82","100,00"
001687,BOMBON,DOBLE,"125,00","318,91","350,80","0,04","97,28",24/09/2025,"318,91","100,00"
001636,COUNTRY,STORE,"225,00","318,55","350,40","0,04","97,32",26/09/2025,"318,55","100,00"
000164,TÉ,EN,LECHE,"122,00","311,64","342,80","0,04","97,36",26/09/2025,"311,64","100,00"
001250,BOMBON,"136,00","309,09","340,00","0,04","97,40",26/09/2025,"309,09","100,00"
001686,HAVANA,7,AÑOS,"36,00","304,00","334,40","0,04","97,43",03/09/2025,"304,00","100,00"
001649,NUTELLA,"341,00","301,82","332,00","0,04","97,47",25/09/2025,"301,82","100,00"
000530,SHAKERATO,CON,BAILEYS,"88,00","290,00","319,00","0,03","97,50",25/09/2025,"290,00","100,00"
000280,CAMPARI,"57,00","286,36","315,00","0,03","97,54",24/09/2025,"286,36","100,00"
001482,COPA,ZUMBRAL,"82,00","283,27","311,60","0,03","97,57",13/09/2025,"283,27","100,00"
000785,CAIPIRIÑA,DE,FRESA,"37,00","281,91","310,10","0,03","97,61",26/09/2025,"281,91","100,00"
001796,VIÑASOL,ROSADO,Copa.,"100,00","281,82","310,00","0,03","97,64",12/09/2025,"281,82","100,00"
000408,CACIQUE,"42,00","281,36","309,50","0,03","97,68",11/09/2025,"281,36","100,00"
000413,BARCELO,IMPERIAL,"31,00","280,41","308,45","0,03","97,71",17/09/2025,"280,41","100,00"
001753,TINTO,CASA,BOTELLA,"14,00","280,00","308,00","0,03","97,74",24/09/2025,"280,00","100,00"
001642,RISTRETTO,"160,00","277,18","304,90","0,03","97,78",25/09/2025,"277,18","100,00"
001803,HUEVO,FRITO,BURGUER,"203,00","276,82","304,50","0,03","97,81",26/09/2025,"276,82","100,00"
001785,REVUELTO,1H,"205,00","275,45","303,00","0,03","97,84",26/09/2025,"275,45","100,00"
000382,DAIKIRI,ORIGINAL,"36,00","272,68","299,95","0,03","97,88",13/09/2025,"272,68","100,00"
001741,MERMELADA,"1.027,00","271,91","299,10","0,03","97,91",26/09/2025,"271,91","100,00"
001882,Viernes,Botella,"18,00","270,00","297,00","0,03","97,94",03/09/2025,"270,00","100,00"
000304,CUTTY,SARK,"39,00","266,36","293,00","0,03","97,97",21/09/2025,"266,36","100,00"
000299,ORUJO,CREMA,"53,00","265,00","291,50","0,03","98,01",23/09/2025,"265,00","100,00"
000437,ZACAPA,23,"21,00","264,41","290,85","0,03","98,04",22/09/2025,"264,41","100,00"
001835,LECHE,Y,LECHE,"107,00","259,36","285,30","0,03","98,07",26/09/2025,"259,36","100,00"
001881,Viernes,Copa,"86,00","258,00","283,80","0,03","98,10",24/09/2025,"258,00","100,00"
000548,ZUMO,DE,MELOCOTÓN,"122,00","257,09","282,80","0,03","98,13",20/09/2025,"257,09","100,00"
000477,MATUSALEN,7,"34,00","256,23","281,85","0,03","98,16",13/09/2025,"256,23","100,00"
000549,ZUMO,DE,TOMATE,"120,00","253,64","279,00","0,03","98,19",22/09/2025,"253,64","100,00"
001665,MAHOU,IPA,"63,00","252,82","278,10","0,03","98,22",23/09/2025,"252,82","100,00"
001868,Las,Pisadas,Copa,"76,00","252,18","277,40","0,03","98,25",25/09/2025,"252,18","100,00"
000536,IRLANDES,"56,00","252,00","277,20","0,03","98,28",22/09/2025,"252,00","100,00"
001252,CAPPUCCION,VIENESSE,"100,00","249,36","274,30","0,03","98,31",22/09/2025,"249,36","100,00"
001879,Letargo,Botella,"17,00","247,27","272,00","0,03","98,34",16/09/2025,"247,27","100,00"
001667,LEFFE,BLONDE,"67,00","239,55","263,50","0,03","98,37",22/09/2025,"239,55","100,00"
001891,ALTOS,DE,TORONA,"15,00","238,64","262,50","0,03","98,40",21/09/2025,"238,64","100,00"
001277,AFRODISIACO,"39,00","238,64","262,50","0,03","98,43",26/09/2025,"238,64","100,00"
000173,TAZA,DE,LECHE,"153,00","236,45","260,10","0,03","98,46",22/09/2025,"236,45","100,00"
001271,BATIDO,DE,TURRON,"45,00","235,36","258,90","0,03","98,49",20/09/2025,"235,36","100,00"
000008,COLA,LIGHT,"121,00","227,68","250,45","0,03","98,51",10/06/2025,"227,68","100,00"
000518,G´VINE,"23,00","227,64","250,40","0,03","98,54",13/08/2025,"227,64","100,00"
000174,CHOCOLATE,"91,00","225,00","247,50","0,03","98,57",22/09/2025,"225,00","100,00"
000265,MARTINI,BLANCO,"45,00","225,00","247,50","0,03","98,60",21/09/2025,"225,00","100,00"
000606,BULL,DOG,"30,00","216,00","237,60","0,03","98,62",07/09/2025,"216,00","100,00"
001759,LIMONCELLO,"43,00","215,00","236,50","0,03","98,65",21/09/2025,"215,00","100,00"
001643,JARRA,CLARA,"56,00","214,91","236,40","0,03","98,67",25/09/2025,"214,91","100,00"
000531,LATTE,MACCHIATO,ACHOCOLATADO,"66,00","213,36","234,70","0,03","98,70",23/09/2025,"213,36","100,00"
001743,GODELLA,BOTELLA,"12,00","212,73","234,00","0,03","98,73",23/05/2025,"212,73","100,00"
001697,Caña,Llevar,"74,00","205,27","225,80","0,02","98,75",25/09/2025,"205,27","100,00"
001264,ensalada,extra,"112,00","203,64","224,00","0,02","98,77",26/09/2025,"203,64","100,00"
001510,MIEL,"379,00","202,36","222,60","0,02","98,80",26/09/2025,"202,36","100,00"
001880,3º,millenium,"10,00","200,00","220,00","0,02","98,82",28/08/2025,"200,00","100,00"
001838,TÓNICA,BERRY,SW,"95,00","190,18","209,20","0,02","98,85",14/09/2025,"190,18","100,00"
001802,CUBIERTA,DE,CHEDAR,"139,00","189,55","208,50","0,02","98,87",19/09/2025,"189,55","100,00"
001274,WHITE,RUSSIAN,"30,00","189,55","208,50","0,02","98,89",22/09/2025,"189,55","100,00"
000583,GINGER,ALE,"126,00","188,95","207,85","0,02","98,91",26/09/2025,"188,95","100,00"
000528,SHAKERATO,"69,00","184,73","203,20","0,02","98,94",21/09/2025,"184,73","100,00"
001479,MIX,DE,FRUTAS,"414,00","184,09","202,50","0,02","98,96",26/09/2025,"184,09","100,00"
000150,ESPRESSO,MACCHIATO,"96,00","184,00","202,40","0,02","98,98",25/09/2025,"184,00","100,00"
001786,Pan,Rodaja,"341,00","182,18","200,40","0,02","99,00",25/09/2025,"182,18","100,00"
000742,VIRGIN,MARY,"36,00","180,00","198,00","0,02","99,03",25/09/2025,"180,00","100,00"
000225,TORRES,5,"30,00","177,27","195,00","0,02","99,05",23/09/2025,"177,27","100,00"
001259,arroz,extra,"65,00","177,27","195,00","0,02","99,07",25/09/2025,"177,27","100,00"
000731,BLANCO,CASA,BOTELLA,"12,00","174,55","192,00","0,02","99,09",08/06/2025,"174,55","100,00"
001362,CAFE,DE,LA,CHANCLA,250gr,"24,00","174,55","192,00","0,02","99,11",18/09/2025,"174,55","100,00"
000166,TÉ,CON,LIMÓN,"84,00","168,00","184,80","0,02","99,13",24/09/2025,"168,00","100,00"
000398,COCKTAIL,DE,CAVA,"20,00","167,27","184,00","0,02","99,15",13/09/2025,"167,27","100,00"
001468,FLAKES,"119,00","167,27","184,00","0,02","99,17",24/09/2025,"167,27","100,00"
000325,FOUR,ROSES,"23,00","165,00","181,50","0,02","99,19",17/09/2025,"165,00","100,00"
001856,Pago,de,Carraovejas,"3,00","163,64","180,00","0,02","99,21",15/09/2025,"163,64","100,00"
000264,MARTINI,ROJO,"32,00","160,45","176,50","0,02","99,23",14/09/2025,"113,45","70,71"
000022,BITTER,ROSSO,"73,00","152,95","168,25","0,02","99,25",23/09/2025,"152,95","100,00"
001481,SAN,MIGUEL,MAGNA,"53,00","148,32","163,15","0,02","99,27",28/08/2025,"148,32","100,00"
001820,MAHOU,SIN,FILTRAR,"46,00","146,36","161,00","0,02","99,28",16/09/2025,"146,36","100,00"
001467,BOWL,LECHE,"99,00","145,27","159,80","0,02","99,30",17/09/2025,"145,27","100,00"
000014,SPRITE,"85,00","142,68","156,95","0,02","99,32",21/09/2025,"142,68","100,00"
000625,MONKEY,47,"9,00","138,68","152,55","0,02","99,33",14/08/2025,"138,68","100,00"
001837,TÓNICA,ZERO,SW,"64,00","135,23","148,75","0,02","99,35",19/09/2025,"135,23","100,00"
001842,3055,JEAN,LEÓN,BOTELLA,"9,00","135,00","148,50","0,02","99,37",25/09/2025,"135,00","100,00"
000010,RED,BULL,"97,00","134,18","147,60","0,02","99,38",23/09/2025,"134,18","100,00"
000826,CLARA,CASERA,"73,00","132,73","160,60","0,02","99,40",24/09/2025,"132,73","100,00"
001821,HIBIKI,"9,00","127,23","139,95","0,02","99,42",15/08/2025,"127,23","100,00"
001843,3055,JEAN,LEÓN,COPA,"39,00","124,09","136,50","0,01","99,43",24/09/2025,"124,09","100,00"
001506,MAYONESA,"679,00","122,91","135,20","0,01","99,44",26/09/2025,"122,91","100,00"
001356,CAFÉ,DE,COLOMBIA,250gr,"16,00","116,36","128,00","0,01","99,46",08/09/2025,"116,36","100,00"
001873,62,millas,Botella,"7,00","114,55","126,00","0,01","99,47",14/09/2025,"114,55","100,00"
000466,AREHUCAS,"19,00","112,27","123,50","0,01","99,49",04/09/2025,"112,27","100,00"
001631,NUECES,"210,00","110,18","121,20","0,01","99,50",26/09/2025,"110,18","100,00"
000534,LATTE,MACCHIATO,ALMENDRADO,"35,00","109,82","120,80","0,01","99,51",25/09/2025,"109,82","100,00"
000317,CARDHU,"11,00","109,50","120,45","0,01","99,53",31/07/2025,"109,50","100,00"
001355,CAFE,DE,BRASIL,250gr,"15,00","109,09","120,00","0,01","99,54",30/08/2025,"109,09","100,00"
001869,Las,Pisadas,Botella,"7,00","108,18","119,00","0,01","99,55",24/09/2025,"108,18","100,00"
001745,SAN,VALENTIN,BOTELLA,"7,00","101,82","112,00","0,01","99,56",19/06/2025,"101,82","100,00"
000421,CAPITAN,MORGAN,"15,00","100,45","110,50","0,01","99,58",23/08/2025,"100,45","100,00"
000165,TÉ,CON,CANELA,"37,00","99,23","109,15","0,01","99,59",23/09/2025,"99,23","100,00"
001556,hielo,"530,00","96,36","106,00","0,01","99,60",25/09/2025,"96,36","100,00"
001884,Principe,Viana,Botella,"8,00","94,55","104,00","0,01","99,61",22/08/2025,"94,55","100,00"
000217,MAGNO,"16,00","94,55","104,00","0,01","99,62",10/09/2025,"94,55","100,00"
000277,JAGERMEISTER,"18,00","94,09","103,50","0,01","99,63",17/09/2025,"94,09","100,00"
000168,CHOCOLATE,SUIZO,"34,00","93,64","103,00","0,01","99,65",14/09/2025,"93,64","100,00"
001280,GREY,GOOSE,"10,00","91,95","101,15","0,01","99,66",18/05/2025,"91,95","100,00"
000328,SOUTHERN,COMFORT,"14,00","91,82","101,00","0,01","99,67",24/09/2025,"91,82","100,00"
001765,L.,avena,"1.151,00","91,73","100,90","0,01","99,68",26/09/2025,"91,73","100,00"
001291,TE,AMERICANO,"34,00","91,18","100,30","0,01","99,69",01/08/2025,"91,18","100,00"
000539,DELUXE,"20,00","90,00","99,00","0,01","99,70",26/09/2025,"90,00","100,00"
000262,LICOR,43,"18,00","90,00","99,00","0,01","99,71",16/09/2025,"90,00","100,00"
000220,TORRES,10,"13,00","88,64","97,50","0,01","99,72",14/08/2025,"88,64","100,00"
000391,AVIATION,"12,00","86,73","95,40","0,01","99,73",06/05/2025,"86,73","100,00"
000258,ANIS,DULCE,"19,00","86,36","95,00","0,01","99,74",01/09/2025,"86,36","100,00"
001854,Dos,maderas,5+5,"9,00","85,91","94,50","0,01","99,75",07/08/2025,"85,91","100,00"
000560,TONICA,FEVER,"153,00","85,91","94,50","0,01","99,76",21/09/2025,"85,91","100,00"
000537,ROYAL,"19,00","85,50","94,05","0,01","99,77",20/09/2025,"85,50","100,00"
000272,MALIBU,"17,00","85,00","93,50","0,01","99,78",20/09/2025,"85,00","100,00"
001861,Encaste,Crianza,"4,00","83,64","92,00","0,01","99,79",09/08/2025,"83,64","100,00"
001462,CHOCAPIC,"58,00","81,45","89,60","0,01","99,80",16/09/2025,"81,45","100,00"
001254,DIABLO,VIENESSE,"29,00","81,45","89,60","0,01","99,81",14/09/2025,"81,45","100,00"
001795,VIÑASOL,ROSADO,Bot.,"6,00","80,73","88,80","0,01","99,82",22/06/2025,"80,73","100,00"
001857,La,Mateo,"3,00","79,09","87,00","0,01","99,83",22/08/2025,"79,09","100,00"
000018,CASERA,"37,00","78,77","86,65","0,01","99,84",21/09/2025,"78,77","100,00"
001878,Letargo,Copa,"26,00","78,00","85,80","0,01","99,85",22/09/2025,"78,00","100,00"
000517,TANQUERAY,TEN,"9,00","77,73","85,50","0,01","99,86",08/04/2025,"77,73","100,00"
001255,CAPPUCCINO,INFANTIL,"24,00","76,36","84,00","0,01","99,87",01/09/2025,"76,36","100,00"
000414,PAMPERO,ESPECIAL,"12,00","76,36","84,00","0,01","99,88",06/09/2025,"76,36","100,00"
001249,VIENES,"34,00","75,09","82,60","0,01","99,89",17/09/2025,"75,09","100,00"
000519,MOMBASA,"9,00","74,23","81,65","0,01","99,90",14/06/2025,"74,23","100,00"
001634,fresa,"136,00","74,18","81,60","0,01","99,91",23/09/2025,"74,18","100,00"
001501,LECHUGA,"780,00","70,00","77,00","0,01","99,92",26/09/2025,"70,00","100,00"
001924,Crodino,"17,00","69,55","76,50","0,01","99,92",31/08/2025,"69,55","100,00"
000409,CACIQUE,500,"8,00","67,59","74,35","0,01","99,93",18/08/2025,"67,59","100,00"
001876,Camiño,dos,faros,"4,00","65,45","72,00","0,01","99,94",18/08/2025,"65,45","100,00"
001883,ricipe,viana,Copa,"24,00","65,45","72,00","0,01","99,95",22/09/2025,"65,45","100,00"
001275,ORANGE,"11,00","65,00","71,50","0,01","99,96",25/09/2025,"65,00","100,00"
001894,Bot.,Agua,Solan,TIEMPO,"32,00","64,00","70,40","0,01","99,96",25/08/2025,"64,00","100,00"
001473,ALMENDRA,CROCANTI,"123,00","63,82","70,20","0,01","99,97",26/09/2025,"63,82","100,00"
001892,TESELA,COPA,"18,00","57,27","63,00","0,01","99,98",24/09/2025,"57,27","100,00"
000268,TIA,MARÍA,"11,00","55,00","60,50","0,01","99,98",24/09/2025,"55,00","100,00"
001502,CEBOLLA,"304,00","54,73","60,20","0,01","99,99",26/09/2025,"54,73","100,00"
001921,Palo,Cortado,"7,00","54,09","59,50","0,01","100,00",25/09/2025,"54,09","100,00"
001405,CAFE,DE,BRASIL,1kg,"2,00","50,91","56,00","0,01","100,00",02/09/2025,"50,91","100,00"
001413,CAFE,DE,LA,CHANCLA,1kg,"2,00","50,91","56,00","0,01","100,01",25/09/2025,"50,91","100,00"
001359,CAFE,DE,NICARAGUA,250gr,"7,00","50,91","56,00","0,01","100,02",23/06/2025,"50,91","100,00"
001240,LA,GUITA,COPA,"18,00","50,73","55,80","0,01","100,02",08/09/2025,"50,73","100,00"
001608,ROKU,"6,00","49,50","54,45","0,01","100,03",08/09/2025,"49,50","100,00"
001635,VAINILLA,VERACRUZ,"53,00","48,18","53,00","0,01","100,03",25/09/2025,"48,18","100,00"
000247,LICOR,DE,MANZANA,SIN,"11,00","45,00","49,50","0,01","100,04",13/08/2025,"45,00","100,00"
000275,COINTREAU,"9,00","45,00","49,50","0,01","100,05",04/08/2025,"45,00","100,00"
000267,FRANGELICO,"9,00","45,00","49,50","0,01","100,05",21/09/2025,"45,00","100,00"
000160,leche,soja,"550,00","44,45","48,90","0,01","100,06",25/09/2025,"44,45","100,00"
001831,Extra,Alcohol,"55,00","42,50","46,75","0,01","100,06",16/09/2025,"42,50","100,00"
001853,Dos,Maderas,5+3,"6,00","40,91","45,00","0,00","100,07",31/08/2025,"40,91","100,00"
000363,STOLICHNAYA,"6,00","40,91","45,00","0,00","100,07",30/08/2025,"40,91","100,00"
000777,TRES,EN,UNO,"8,00","40,00","44,00","0,00","100,08",06/05/2025,"40,00","100,00"
001699,Gin,Promo,"7,00","38,18","42,00","0,00","100,08",31/08/2025,"38,18","100,00"
001918,Pedro,Ximenez,"8,00","37,82","41,60","0,00","100,08",24/09/2025,"37,82","100,00"
000418,BRUGAL,EXTRAVIEJO,"5,00","36,36","40,00","0,00","100,09",20/04/2025,"36,36","100,00"
001893,TESELA,BOTELLA,"3,00","36,00","39,60","0,00","100,09",24/09/2025,"36,00","100,00"
001889,DOBLE,12,"1,00","35,91","39,50","0,00","100,10",18/06/2025,"35,91","100,00"
000362,ERISTOFF,"5,00","35,45","39,00","0,00","100,10",23/09/2025,"35,45","100,00"
000784,CAIPIROSKA,"6,00","33,82","37,20","0,00","100,11",04/08/2025,"33,82","100,00"
001650,RUCULA,"92,00","32,73","36,00","0,00","100,11",30/06/2025,"32,73","100,00"
001511,KETCHUP,"87,00","31,64","34,80","0,00","100,11",21/09/2025,"31,64","100,00"
001851,Brugal,Doble,Reserva,"4,00","30,91","34,00","0,00","100,12",14/08/2025,"30,91","100,00"
000568,BATIDO,DE,VAINILLA,"15,00","30,68","33,75","0,00","100,12",21/06/2025,"30,68","100,00"
001633,platano,"55,00","30,00","33,00","0,00","100,13",23/09/2025,"30,00","100,00"
001696,JAMESON,BLACK,BARREL,"3,00","29,86","32,85","0,00","100,13",26/06/2025,"29,86","100,00"
000097,Ingrediente,Extra,"32,00","29,09","32,00","0,00","100,13",14/09/2025,"29,09","100,00"
000678,2,HAMACAS,+,SOMBRILLA,"2,00","29,09","32,00","0,00","100,14",23/04/2025,"29,09","100,00"
000546,ZUMO,DE,Manzana,(minute,maid),"15,00","28,64","31,50","0,00","100,14",23/09/2025,"28,64","100,00"
001472,PIPAS,"76,00","26,18","28,80","0,00","100,14",20/09/2025,"26,18","100,00"
001406,CAFE,DE,COLOMBIA,1kg,"1,00","25,45","28,00","0,00","100,15",29/05/2025,"25,45","100,00"
000449,MATUSALEN,15,"3,00","24,91","27,40","0,00","100,15",14/06/2025,"24,91","100,00"
001904,Take,Grande,"68,00","24,73","27,20","0,00","100,15",21/09/2025,"24,73","100,00"
001764,BOWL,AVENA,"15,00","24,55","27,00","0,00","100,15",10/09/2025,"24,55","100,00"
001905,Take,pequeño,"133,00","24,18","26,60","0,00","100,16",26/09/2025,"24,18","100,00"
000533,BELLAGIO,"6,00","23,73","26,10","0,00","100,16",03/09/2025,"23,73","100,00"
001920,Amontillado,"4,00","23,64","26,00","0,00","100,16",04/09/2025,"23,64","100,00"
000652,BRUGAL,1888,"2,00","23,55","25,90","0,00","100,17",24/08/2025,"23,55","100,00"
000372,VODKA,CARAMELO,"4,00","21,82","24,00","0,00","100,17",24/04/2025,"21,82","100,00"
000364,SMIRNOFF,"3,00","20,45","22,50","0,00","100,17",23/08/2025,"20,45","100,00"
000248,LICOR,DE,MORA,SIN,"5,00","20,45","22,50","0,00","100,17",30/08/2025,"20,45","100,00"
001272,BATIDO,VAINILLA,ESPECIAL,"4,00","20,00","22,00","0,00","100,18",11/08/2025,"20,00","100,00"
000415,PAMPERO,ANIVERSARIO,"3,00","19,55","21,50","0,00","100,18",01/08/2025,"19,55","100,00"
000584,SODA,"22,00","18,41","20,25","0,00","100,18",18/08/2025,"18,41","100,00"
001812,SUG_1,9.95,"2,00","18,09","19,90","0,00","100,18",26/06/2025,"18,09","100,00"
001465,BOWL,SIN,LACTOSA,"10,00","16,36","18,00","0,00","100,18",14/09/2025,"16,36","100,00"
001512,CHERRY,"59,00","15,82","17,40","0,00","100,19",26/09/2025,"15,82","100,00"
001286,nata,"34,00","15,45","17,00","0,00","100,19",21/09/2025,"15,45","100,00"
000244,TINTO,DE,VERANO,+,NARANJA,"7,00","14,64","16,10","0,00","100,19",04/09/2025,"14,64","100,00"
000312,CHIVAS,18,"1,00","14,50","15,95","0,00","100,19",08/07/2025,"14,50","100,00"
000007,BATIDO,DE,FRESA,"7,00","14,32","15,75","0,00","100,19",17/06/2025,"14,32","100,00"
000259,ANIS,SECO,"3,00","13,64","15,00","0,00","100,20",17/09/2025,"13,64","100,00"
001276,PASION,DE,COCO,"2,00","11,82","13,00","0,00","100,20",07/08/2025,"11,82","100,00"
001833,SAN,MIGUEL,ED.,ALUMINIO,"4,00","11,64","12,80","0,00","100,20",07/08/2025,"11,64","100,00"
001845,LA,MATEO,ROSADO,COPA,"4,00","11,45","12,60","0,00","100,20",06/08/2025,"11,45","100,00"
000005,LIMONADA,"32,00","10,50","11,55","0,00","100,20",24/09/2025,"10,50","100,00"
000263,PONCHE,CABALLERO,"2,00","10,00","11,00","0,00","100,20",29/06/2025,"10,00","100,00"
000271,SHERIDAN´S,"2,00","10,00","11,00","0,00","100,20",07/08/2025,"10,00","100,00"
001919,Oloroso,"2,00","9,45","10,40","0,00","100,20",16/09/2025,"9,45","100,00"
001789,SIROPE,CHOCOLATE,"10,00","9,09","10,00","0,00","100,21",22/09/2025,"9,09","100,00"
000538,CALIPSO,"2,00","9,00","9,90","0,00","100,21",16/08/2025,"9,00","100,00"
001788,SIROPE,CARAMELO,"10,00","8,18","9,00","0,00","100,21",22/09/2025,"8,18","100,00"
001917,Fino,Rama,"2,00","8,18","9,00","0,00","100,21",07/09/2025,"8,18","100,00"
001361,CAFE,DE,MEXICO,DESCAFEINADO,250gr,"1,00","7,27","8,00","0,00","100,21",08/08/2025,"7,27","100,00"
001607,Vox,"1,00","5,91","6,50","0,00","100,21",11/03/2025,"5,91","100,00"
000368,ERISTOFF,BLACK,"1,00","5,45","6,00","0,00","100,21",20/04/2025,"5,45","100,00"
001963,Café,para,llevar,"2,00","5,09","5,60","0,00","100,21",09/09/2025,"5,09","100,00"
000252,LICOR,DE,AVELLANA,"1,00","5,00","5,50","0,00","100,21",24/06/2025,"5,00","100,00"
000251,LICOR,DE,MANZANA,"1,00","5,00","5,50","0,00","100,21",16/03/2025,"5,00","100,00"
001464,BOWL,SOJA,"3,00","4,91","5,40","0,00","100,21",28/07/2025,"4,91","100,00"
001366,TE,OFERTAS,"2,00","4,55","5,00","0,00","100,21",09/03/2025,"4,55","100,00"
001363,TE,GAMA,MEDIA,"1,00","4,09","4,50","0,00","100,21",24/09/2025,"4,09","100,00"
000290,RIVES,LIMA,"1,00","4,09","4,50","0,00","100,21",13/05/2025,"4,09","100,00"
001459,CAÑA,SIN,"2,00","3,36","3,70","0,00","100,22",03/09/2025,"3,36","100,00"
001922,Manzanilla,Trinidad,"1,00","3,25","3,58","0,00","100,22",03/08/2025,"3,25","100,00"
001903,Bolsa,"34,00","3,09","3,40","0,00","100,22",22/09/2025,"3,09","100,00"
001652,SIROPE,EXTRA,"3,00","2,73","3,00","0,00","100,22",13/07/2025,"2,73","100,00"
001790,SIROPE,FRESA,"3,00","2,73","3,00","0,00","100,22",13/08/2025,"2,73","100,00"
001895,CALIMOCHO,"1,00","2,68","2,95","0,00","100,22",04/08/2025,"2,68","100,00"
001632,almendra,crocanti,"4,00","2,18","2,40","0,00","100,22",16/09/2025,"2,18","100,00"
001622,l.almendras,"16,00","1,45","1,60","0,00","100,22",04/08/2025,"1,45","100,00"
001629,Barquillo,"1,00","0,36","0,40","0,00","100,22",12/05/2025,"0,36","100,00"
001116,BOTELLA,LICOR,43,"2,13","0,00","0,00","0,00","100,22",16/09/2025,"0,00","0,00"
001103,BOTELLA,CAMPARI,"6,38","0,00","0,00","0,00","100,22",24/09/2025,"0,00","0,00"
001097,BOTELLA,BAILEYS,"39,25","0,00","0,00","0,00","100,22",24/09/2025,"0,00","0,00"
001260,sirope,fresa,"8,00","0,00","0,00","0,00","100,22",04/09/2025,"0,00","0,00"
001261,sirope,caramelo,"13,00","0,00","0,00","0,00","100,22",23/09/2025,"0,00","0,00"
001106,BOTELLA,COINTREAU,"1,13","0,00","0,00","0,00","100,22",04/08/2025,"0,00","0,00"
001262,sirope,chocolate,"39,00","0,00","0,00","0,00","100,22",20/09/2025,"0,00","0,00"
001091,BOTELLA,AMARETO,"8,75","0,00","0,00","0,00","100,22",24/09/2025,"0,00","0,00"
001110,BOTELLA,FRANGELICO,"1,13","0,00","0,00","0,00","100,22",21/09/2025,"0,00","0,00"
001112,BOTELLA,JAGERMEISTER,"2,25","0,00","0,00","0,00","100,22",17/09/2025,"0,00","0,00"
001044,BOTELLA,BARCELO,IMPERIAL,"0,08","0,00","0,00","0,00","100,22",17/09/2025,"0,00","0,00"
000916,BOTELLA,TORRES,5,"5,25","0,00","0,00","0,00","100,22",23/09/2025,"0,00","0,00"
000914,BOTELLA,TORRES,10,"2,28","0,00","0,00","0,00","100,22",14/08/2025,"0,00","0,00"
000695,Miel,"7,00","0,00","0,00","0,00","100,22",13/06/2025,"0,00","0,00"
000671,leche,sin,lactosa,"1.104,00","0,00","0,00","0,00","100,22",26/09/2025,"0,00","0,00"
001224,americano,"139,00","0,00","0,00","0,00","100,22",25/09/2025,"0,00","0,00"
001225,cortado,"87,00","0,00","0,00","0,00","100,22",20/09/2025,"0,00","0,00"
001208,helado,vainilla,"2,00","0,00","0,00","0,00","100,22",28/05/2025,"0,00","0,00"
001129,BOTELLA,MARTINI,ROJO,"4,00","0,00","0,00","0,00","100,22",14/09/2025,"0,00","0,00"
001263,nutella,"358,00","0,00","0,00","0,00","100,22",25/09/2025,"0,00","0,00"
001124,BOTELLA,MALIBU,"2,13","0,00","0,00","0,00","100,22",20/09/2025,"0,00","0,00"
001127,BOTELLA,MARTINI,BLANCO,"5,63","0,00","0,00","0,00","100,22",21/09/2025,"0,00","0,00"
000909,BOTELLA,MAGNO,"2,63","0,00","0,00","0,00","100,22",10/09/2025,"0,00","0,00"
001822,Mayonesa,Acomp.,"1.442,00","0,00","0,00","0,00","100,22",26/09/2025,"0,00","0,00"
001625,dulce,de,leche,"19,00","0,00","0,00","0,00","100,22",09/09/2025,"0,00","0,00"
000843,BOTELLA,BARCELO,"89,00","0,00","0,00","0,00","100,22",24/09/2025,"0,00","0,00"
000782,descafeinado,"1.984,00","0,00","0,00","0,00","100,22",26/09/2025,"0,00","0,00"
000438,BACARDI,8,"0,00","0,00","0,00","0,00","100,22",14/06/2025,"0,00","0,00"
000668,TONICA,NORDIC,BLUE,"1,00","0,00","0,00","0,00","100,22",08/08/2025,"0,00","0,00"
001555,descafeinado,"1.073,00","0,00","0,00","0,00","100,22",26/09/2025,"0,00","0,00"
001574,Naranja,"5,00","0,00","0,00","0,00","100,22",11/08/2025,"0,00","0,00"
001613,patatas,baston,"2.863,00","0,00","0,00","0,00","100,22",26/09/2025,"0,00","0,00"
001601,nachos,"355,00","0,00","0,00","0,00","100,22",26/09/2025,"0,00","0,00"
001610,Tonica,zero,"371,00","0,00","0,00","0,00","100,22",26/09/2025,"0,00","0,00"
001564,Aguacate,"1,00","0,00","0,00","0,00","100,22",10/06/2025,"0,00","0,00"
001307,leche,condensada,"10,00","0,00","0,00","0,00","100,22",21/09/2025,"0,00","0,00"
001442,AGUA,PERRIER,"21,00","0,00","0,00","0,00","100,22",17/09/2025,"0,00","0,00"
001624,l.sin,lactosa,"11,00","0,00","0,00","0,00","100,22",01/08/2025,"0,00","0,00"
001626,chocolate,blanco,"1,00","0,00","0,00","0,00","100,22",12/09/2025,"0,00","0,00"
001825,S,Brava,Acomp,"36,00","0,00","0,00","0,00","100,22",24/09/2025,"0,00","0,00"
001824,Guacamole,Acomp,"705,00","0,00","0,00","0,00","100,22",26/09/2025,"0,00","0,00"
001823,Ketchup,Acomp.,"1.162,00","0,00","0,00","0,00","100,22",26/09/2025,"0,00","0,00"
001826,S.,Mayo-Miel,Acomp.,"28,00","0,00","0,00","0,00","100,22",22/09/2025,"0,00","0,00"
001758,Boniato,Acomp,"1.369,00","0,00","0,00","0,00","100,22",26/09/2025,"0,00","0,00"
001898,Teriyaki,acomp,"83,00","0,00","0,00","0,00","100,22",26/09/2025,"0,00","0,00"
001897,barbacoa,acomp,"169,00","0,00","0,00","0,00","100,22",25/09/2025,"0,00","0,00"
001902,Noodles,acomp,"627,00","0,00","0,00","0,00","100,22",26/09/2025,"0,00","0,00"
000025,AGUA,MEDIANA,"11,00","0,00","0,00","0,00","100,22",13/08/2025,"0,00","0,00"
001827,Salsa,2.0,Acomp.,"7,00","0,00","0,00","0,00","100,22",21/08/2025,"0,00","0,00"
001627,nata,"87,00","0,00","0,00","0,00","100,22",21/09/2025,"0,00","0,00"
001147,BOTELLA,PONCHE,CABALLERO,"0,25","0,00","0,00","0,00","100,22",29/06/2025,"0,00","0,00"
001943,CUBIERTOS_PLAYA,"98,00","0,00","0,00","0,00","100,22",25/09/2025,"0,00","0,00"
001152,BOTELLA,RIVES,LIMA,"0,13","0,00","0,00","0,00","100,22",13/05/2025,"0,00","0,00"
001960,Rooibos,Naranja,Choco,"7,00","0,00","0,00","0,00","100,22",15/09/2025,"0,00","0,00"
001945,Verde,"113,00","0,00","0,00","0,00","100,22",24/09/2025,"0,00","0,00"
001962,Huevo,frito,infantil,"3,00","0,00","0,00","0,00","100,22",08/09/2025,"0,00","0,00"
001958,Rooibos,Pakistani,"30,00","0,00","0,00","0,00","100,22",26/09/2025,"0,00","0,00"
001959,Rooibos,Manzana,Canela,"25,00","0,00","0,00","0,00","100,22",24/09/2025,"0,00","0,00"
001956,Ayurveda,"26,00","0,00","0,00","0,00","100,22",19/09/2025,"0,00","0,00"
001944,Negro,"24,00","0,00","0,00","0,00","100,22",26/09/2025,"0,00","0,00"
001928,PICOTEO!!!,"11,00","0,00","0,00","0,00","100,22",07/07/2025,"0,00","0,00"
001957,Canto,del,Lama,"14,00","0,00","0,00","0,00","100,22",24/09/2025,"0,00","0,00"
001925,Sale,"427,00","0,00","0,00","0,00","100,22",25/09/2025,"0,00","0,00"
001961,Suspiro,"4,00","0,00","0,00","0,00","100,22",27/08/2025,"0,00","0,00"
001955,Caramelo,y,nueces,"9,00","0,00","0,00","0,00","100,22",14/09/2025,"0,00","0,00"
001954,Chai,"29,00","0,00","0,00","0,00","100,22",24/09/2025,"0,00","0,00"
001951,Pakistaní,Supremo,"32,00","0,00","0,00","0,00","100,22",23/09/2025,"0,00","0,00"
001907,Punto,menos,"30,00","0,00","0,00","0,00","100,22",25/09/2025,"0,00","0,00"
001950,Earl,Gray,"45,00","0,00","0,00","0,00","100,22",25/09/2025,"0,00","0,00"
001949,Groundpowder,"14,00","0,00","0,00","0,00","100,22",26/08/2025,"0,00","0,00"
001942,con,casera,"322,00","0,00","0,00","0,00","100,22",26/09/2025,"0,00","0,00"
001913,Patatas,fritas,"219,00","0,00","0,00","0,00","100,22",25/09/2025,"0,00","0,00"
001952,"Piña,,Jengibre...","28,00","0,00","0,00","0,00","100,22",25/09/2025,"0,00","0,00"
001953,Galleta,y,Especias,"6,00","0,00","0,00","0,00","100,22",23/08/2025,"0,00","0,00"
001947,Oolong,"3,00","0,00","0,00","0,00","100,22",10/09/2025,"0,00","0,00"
001946,Supremo,"4,00","0,00","0,00","0,00","100,22",09/09/2025,"0,00","0,00"
001948,English,Breakfast,"28,00","0,00","0,00","0,00","100,22",26/09/2025,"0,00","0,00"
001164,BOTELLA,TIA,MARIA,"1,25","0,00","0,00","0,00","100,22",24/09/2025,"0,00","0,00"
001914,Arroz,"56,00","0,00","0,00","0,00","100,22",24/09/2025,"0,00","0,00"
001931,Sombra,"534,00","0,00","0,00","0,00","100,22",26/09/2025,"0,00","0,00"
001933,Largo,"181,00","0,00","0,00","0,00","100,22",26/09/2025,"0,00","0,00"
001915,Montada,"16,00","0,00","0,00","0,00","100,22",24/09/2025,"0,00","0,00"
001935,AMERICANO,"25,00","0,00","0,00","0,00","100,22",20/09/2025,"0,00","0,00"
001934,DOBLE,"199,00","0,00","0,00","0,00","100,22",26/09/2025,"0,00","0,00"
001937,cortado,doble,"23,00","0,00","0,00","0,00","100,22",19/09/2025,"0,00","0,00"
000836,Botella,Larios,12,"1,19","0,00","0,00","0,00","100,22",25/09/2025,"0,00","0,00"
001160,BOTELLA,SHERIDANS,"0,25","0,00","0,00","0,00","100,22",07/08/2025,"0,00","0,00"
001162,BOTELLA,TEQUILA,JOSE,CUERVO,"7,13","0,00","0,00","0,00","100,22",10/08/2025,"0,00","0,00"
001901,Arroz,acomp,"343,00","0,00","0,00","0,00","100,22",26/09/2025,"0,00","0,00"
001938,Fresa,"217,00","0,00","0,00","0,00","100,22",26/09/2025,"0,00","0,00"
001906,Poco,hecho,"27,00","0,00","0,00","0,00","100,22",25/09/2025,"0,00","0,00"
001941,con,limón,"1.742,00","0,00","0,00","0,00","100,22",26/09/2025,"0,00","0,00"
001940,LEVANTAR,MESA,"4,00","0,00","0,00","0,00","100,22",28/06/2025,"0,00","0,00"
001908,Al,Punto,"131,00","0,00","0,00","0,00","100,22",24/09/2025,"0,00","0,00"
001910,Muy,Hecho,"16,00","0,00","0,00","0,00","100,22",15/09/2025,"0,00","0,00"
001912,Pollo,plancha,"55,00","0,00","0,00","0,00","100,22",25/09/2025,"0,00","0,00"
001909,Punto,Más,"26,00","0,00","0,00","0,00","100,22",23/09/2025,"0,00","0,00"
001911,Pollo,empanado,"214,00","0,00","0,00","0,00","100,22",24/09/2025,"0,00","0,00"
001929,LIMPIAR!!!,"1,00","0,00","0,00","0,00","100,22",25/06/2025,"0,00","0,00"
001932,Mitad,"3.630,00","0,00","0,00","0,00","100,22",26/09/2025,"0,00","0,00"
001926,croqueta,aperol,"41,00","0,00","0,00","0,00","100,22",28/06/2025,"0,00","0,00"
001930,Nube,"613,00","0,00","0,00","0,00","100,22",25/09/2025,"0,00","0,00"
001939,Melocotón,"143,00","0,00","0,00","0,00","100,22",25/09/2025,"0,00","0,00"
001400,DESCUENTOS,"75,00","-155,28","-170,81","-0,02","100,20",10/04/2025,"-155,28","100,00"
ç,"360,00","-1.645,85","-1.810,44","-0,20","100,00",26/09/2025,"-1.645,85","100,00"